Player Name,Games Played,Interceptions,Interception Yards,Average Ints per Game,Long,Touchdowns,Solo Tackles,Tackle Assists,Total Tackles,Sacks,Sack Loss Yards Caused
Bobby Wagner,16,1,9,9.0,9,0,85,82,167,4.5,27.0
Zach Brown,16,1,0,0.0,0,0,97,52,149,4.0,17.0
Christian Kirksey,16,0,0,0.0,0,0,96,52,148,2.5,16.0
Kwon Alexander,16,1,38,38.0,38,1,108,37,145,3.0,8.0
Sean Lee,15,0,0,0.0,0,0,93,52,145,0.0,0.0
Preston Brown,16,0,0,0.0,0,0,79,60,139,1.0,5.0
Alec Ogletree,16,2,15,7.5,8,0,98,38,136,0.0,0.0
Zach Orr,15,3,23,7.67,14,0,92,41,133,0.0,0.0
Paul Posluszny,16,1,0,0.0,0,0,97,36,133,1.5,17.0
Tahir Whitehead,15,0,0,0.0,0,0,99,33,132,0.0,0.0
Benardrick McKinney,16,0,0,0.0,0,0,79,50,129,5.0,31.0
Johnathan Cyprien,16,0,0,0.0,0,0,96,31,127,1.0,2.0
K.J. Wright,16,0,0,0.0,0,0,72,54,126,4.0,7.0
Landon Collins,16,5,72,14.4,44,1,100,25,125,4.0,39.0
Mason Foster,16,0,0,0.0,0,0,89,35,124,1.0,1.0
Telvin Smith,16,2,0,0.0,0,0,99,20,119,1.0,0.0
Mark Barron,16,2,8,4.0,7,0,91,27,118,1.0,8.0
Kiko Alonso,15,2,70,35.0,60,1,69,46,115,0.0,0.0
Craig Robertson,15,1,29,29.0,29,0,71,44,115,1.0,6.0
Lawrence Timmons,16,2,74,37.0,58,0,78,36,114,2.5,22.0
Karlos Dansby,16,0,0,0.0,0,0,69,45,114,1.0,0.0
Jamie Collins,15,2,31,15.5,18,0,79,33,112,3.0,25.0
Antoine Bethea,16,1,0,0.0,0,0,95,15,110,0.0,0.0
Jerrell Freeman,12,0,0,0.0,0,0,86,24,110,0.0,0.0
Eric Kendricks,15,1,77,77.0,77,1,70,39,109,2.5,25.5
Deion Jones,15,3,165,55.0,90,2,75,33,108,0.0,0.0
Will Compton,15,1,5,5.0,5,0,61,45,106,0.0,0.0
Thomas Davis,16,3,35,11.67,31,0,73,33,106,2.5,16.5
Keanu Neal,14,0,0,0.0,0,0,72,34,106,0.0,0.0
Avery Williamson,16,1,0,0.0,0,0,73,31,104,2.0,14.0
Malcolm Smith,15,1,0,0.0,0,0,86,17,103,0.0,0.0
Nigel Bradham,16,1,28,28.0,28,0,69,33,102,2.0,14.0
Luke Kuechly,10,1,1,1.0,1,0,71,31,102,2.0,16.0
Vontaze Burfict,11,2,54,27.0,47,0,73,28,101,2.0,11.0
Demario Davis,16,0,0,0.0,0,0,59,40,99,2.0,20.0
Todd Davis,16,0,0,0.0,0,0,64,33,97,0.5,2.5
Jonathan Casillas,16,0,0,0.0,0,0,62,34,96,1.5,3.5
Tony Jefferson,15,0,0,0.0,0,0,78,18,96,2.0,15.0
Kurt Coleman,15,4,57,14.25,37,1,66,29,95,1.0,8.0
David Harris,15,0,0,0.0,0,0,63,32,95,0.5,3.0
Morgan Burnett,15,2,19,9.5,19,0,70,23,93,3.0,26.0
C.J. Mosley,14,4,40,10.0,28,0,56,36,92,0.0,0.0
Logan Ryan,16,2,46,23.0,46,0,74,18,92,1.0,12.0
Bradley McDougald,16,2,32,16.0,32,0,79,12,91,0.0,0.0
Harrison Smith,14,0,0,0.0,0,0,69,22,91,2.0,15.0
Deone Bucannon,13,0,0,0.0,0,0,66,25,91,0.0,0.0
Patrick Chung,16,1,4,4.0,4,0,52,39,91,1.0,12.0
Ricardo Allen,16,2,3,1.5,3,0,61,29,90,0.0,0.0
Derrick Johnson,13,1,55,55.0,55,1,70,20,90,1.0,8.0
Eric Weddle,16,4,92,23.0,53,0,48,41,89,1.0,5.0
Tavon Wilson,15,2,23,11.5,18,0,74,15,89,1.0,5.0
Daryl Worley,16,1,22,22.0,22,0,63,25,88,1.0,7.0
Byron Jones,16,1,7,7.0,7,0,73,15,88,0.0,0.0
Vonn Bell,16,0,0,0.0,0,0,61,26,87,1.0,8.0
Lavonte David,16,1,15,15.0,15,1,67,20,87,5.0,39.0
Corey Graham,16,1,0,0.0,0,0,62,25,87,1.0,9.0
Ryan Shazier,13,3,0,0.0,0,0,55,32,87,3.5,29.0
T.J. Ward,14,1,23,23.0,23,0,69,18,87,1.0,8.0
Vincent Rey,16,1,6,6.0,6,0,51,35,86,0.0,0.0
Kam Chancellor,12,2,5,2.5,5,0,51,35,86,0.0,0.0
Damon Harrison,16,0,0,0.0,0,0,55,31,86,2.5,25.5
Barry Church,12,2,14,7.0,14,0,61,24,85,0.0,0.0
Jordan Hicks,16,5,41,8.2,34,0,58,27,85,1.0,3.0
Nick Bellore,14,1,4,4.0,4,0,60,23,83,1.0,10.5
Gerald Hodges,15,2,27,13.5,21,0,55,28,83,3.0,10.0
Devin McCourty,16,1,0,0.0,0,0,67,16,83,0.0,0.0
Rodney McLeod,16,3,5,1.67,5,0,72,11,83,1.0,7.0
Keenan Robinson,16,0,0,0.0,0,0,54,29,83,0.0,0.0
Jake Ryan,14,0,0,0.0,0,0,57,25,82,0.0,0.0
Jairus Byrd,16,2,35,17.5,24,0,56,26,82,0.0,0.0
Kevin Minter,16,0,0,0.0,0,0,59,22,81,3.5,28.0
DeShawn Shead,15,1,2,2.0,2,0,57,24,81,0.0,0.0
Shawn Williams,15,3,14,4.67,13,0,59,22,81,1.0,4.0
Ha Ha Clinton-Dix,16,5,75,15.0,27,0,62,18,80,0.5,3.0
Mike Adams,15,2,56,28.0,56,0,62,17,79,0.0,0.0
Jatavis Brown,12,0,0,0.0,0,0,64,15,79,3.5,24.0
Isa Abdul-Quddus,15,2,16,8.0,9,0,50,28,78,1.0,2.0
Anthony Hitchens,16,0,0,0.0,0,0,39,39,78,1.5,12.0
D'Qwell Jackson,12,0,0,0.0,0,0,52,26,78,1.0,12.0
Harold Jones-Quartey,16,1,0,0.0,0,0,66,12,78,0.0,0.0
Von Miller,16,0,0,0.0,0,0,62,16,78,13.5,65.0
Michael Mitchell,16,1,26,26.0,26,0,55,22,77,0.0,0.0
Eric Berry,16,4,98,24.5,42,2,62,15,77,0.0,0.0
Linval Joseph,16,0,0,0.0,0,0,37,40,77,4.0,21.5
Lorenzo Alexander,16,1,28,28.0,28,0,56,20,76,12.5,74.0
Vernon Hargreaves III,16,1,0,0.0,0,0,68,8,76,0.0,0.0
Ramik Wilson,11,1,6,6.0,6,0,61,15,76,0.0,0.0
Korey Toomer,13,0,0,0.0,0,0,53,22,75,1.0,1.0
George Iloka,16,3,21,7.0,21,0,49,25,74,0.0,0.0
Bashaud Breeland,14,3,32,10.67,26,0,62,11,73,1.0,3.0
DeForest Buckner,15,0,0,0.0,0,0,43,30,73,6.0,26.0
Darron Lee,13,0,0,0.0,0,0,45,28,73,1.0,7.0
Khalil Mack,16,1,6,6.0,6,1,54,19,73,11.0,75.0
Lardarius Webb,16,1,0,0.0,0,0,59,14,73,1.0,10.0
Denzel Perryman,12,1,1,1.0,1,0,56,16,72,2.0,8.0
Ndamukong Suh,16,0,0,0.0,0,0,40,32,72,5.0,37.5
Malcolm Jenkins,16,3,98,32.67,64,2,47,25,72,1.0,10.0
Anthony Barr,16,0,0,0.0,0,0,37,33,70,2.0,15.0
Sean Davis,16,1,0,0.0,0,0,55,15,70,1.5,10.0
Joe Thomas,16,1,9,9.0,9,0,55,15,70,0.0,0.0
Blake Martinez,13,1,4,4.0,4,0,47,22,69,1.0,5.0
Jason McCourty,14,2,7,3.5,6,0,60,9,69,0.0,0.0
Andrew Sendejo,14,2,18,9.0,16,0,45,24,69,0.5,5.0
Christopher Conte,14,2,73,36.5,53,1,59,10,69,0.0,0.0
Marcus Cooper,15,4,95,23.75,60,1,63,6,69,0.0,0.0
Ronald Darby,14,0,0,0.0,0,0,60,9,69,0.0,0.0
Corey Nelson,16,0,0,0.0,0,0,47,21,68,0.0,0.0
Glover Quin,16,2,0,0.0,0,0,55,13,68,0.0,0.0
Darian Stewart,16,3,36,12.0,25,0,55,13,68,0.0,0.0
Kenny Vaccaro,11,2,30,15.0,30,0,51,17,68,1.0,1.0
Leonard Williams,16,0,0,0.0,0,0,36,32,68,7.0,48.0
Tony Lippett,16,4,0,0.0,0,0,45,22,67,0.0,0.0
Josh Norman,16,3,38,12.67,35,0,52,15,67,0.0,0.0
D.J. Swearinger,16,3,13,4.33,12,0,58,8,66,2.0,13.0
Danny Trevathan,9,0,0,0.0,0,0,49,17,66,1.0,7.0
Donte Whitner,11,0,0,0.0,0,0,49,17,66,0.0,0.0
Duke Ihenacho,15,0,0,0.0,0,0,54,12,66,0.0,0.0
Edwin Jackson,16,0,0,0.0,0,0,47,19,66,2.0,0.0
Adam Jones,16,1,2,2.0,2,0,54,12,66,0.0,0.0
Lamarcus Joyner,14,0,0,0.0,0,0,50,16,66,1.0,7.0
Adrian Amos,15,0,0,0.0,0,0,57,8,65,0.0,0.0
Artie Burns,16,3,13,4.33,9,0,52,13,65,0.0,0.0
Brian Cushing,13,0,0,0.0,0,0,38,27,65,0.0,0.0
Dont'a Hightower,13,0,0,0.0,0,0,31,34,65,2.5,21.5
Sio Moore,8,0,0,0.0,0,0,50,15,65,0.0,0.0
Reggie Nelson,16,5,74,14.8,40,0,50,15,65,0.0,0.0
Steven Nelson,15,0,0,0.0,0,0,59,6,65,0.0,0.0
Jalen Ramsey,16,2,65,32.5,35,1,55,10,65,0.0,0.0
T.J. McDonald,16,2,0,0.0,0,0,50,14,64,1.0,6.0
Olivier Vernon,16,0,0,0.0,0,0,46,18,64,8.5,54.5
Kyle Williams,15,0,0,0.0,0,0,42,22,64,5.0,35.5
David Amerson,15,2,0,0.0,0,0,56,8,64,0.0,0.0
Neville Hewitt,16,0,0,0.0,0,0,40,24,64,1.0,9.0
A.J. Bouye,15,1,0,0.0,0,0,48,15,63,1.0,6.0
Malcolm Butler,16,4,28,7.0,21,0,48,15,63,1.0,0.0
Chris Harris,16,2,36,18.0,36,0,57,6,63,0.0,0.0
Daniel Sorensen,16,3,48,16.0,48,1,55,8,63,1.0,8.0
Jalen Mills,16,0,0,0.0,0,0,52,10,62,0.0,0.0
Calvin Pryor,15,0,0,0.0,0,0,45,17,62,0.0,0.0
Eric Reid,10,1,13,13.0,13,0,48,14,62,0.0,0.0
Sheldon Richardson,15,0,0,0.0,0,0,38,24,62,1.5,13.0
Ross Cockrell,16,0,0,0.0,0,0,47,15,62,0.0,0.0
Kareem Jackson,14,1,42,42.0,42,1,51,11,62,0.0,0.0
Robert Alford,16,2,34,17.0,30,1,50,11,61,0.0,0.0
Brandon Carr,16,1,0,0.0,0,0,53,8,61,0.0,0.0
Devon Kennard,16,0,0,0.0,0,0,40,21,61,1.0,8.0
Ron Parker,16,1,1,1.0,1,0,52,9,61,0.0,0.0
Jaquiski Tartt,15,0,0,0.0,0,0,47,14,61,1.0,10.0
Dwight Lowery,16,1,25,25.0,25,0,49,11,60,0.0,0.0
Rashaan Melvin,15,0,0,0.0,0,0,52,8,60,0.0,0.0
Melvin Ingram,16,0,0,0.0,0,0,46,14,60,8.0,62.0
Karl Joseph,12,1,21,21.0,21,0,44,16,60,0.0,0.0
James Bradberry,13,2,21,10.5,16,0,47,12,59,0.0,0.0
Tramaine Brock,16,1,39,39.0,39,0,49,10,59,0.0,0.0
Kevin Byard,16,0,0,0.0,0,0,45,14,59,1.0,8.0
Clayton Geathers,9,0,0,0.0,0,0,50,9,59,0.0,0.0
Brandon Graham,16,0,0,0.0,0,0,41,18,59,5.5,27.5
Brian Poole,16,1,24,24.0,24,0,43,16,59,1.0,8.0
Danny Shelton,16,0,0,0.0,0,0,32,27,59,1.5,13.0
Nathan Stupar,16,1,0,0.0,0,0,49,10,59,1.0,11.0
Spencer Paysinger,15,0,0,0.0,0,0,42,16,58,0.0,0.0
Richard Sherman,16,4,37,9.25,31,0,38,20,58,0.0,0.0
Keith Tandy,16,4,28,7.0,28,0,47,11,58,0.0,0.0
Michael Thomas,16,0,0,0.0,0,0,43,15,58,1.0,14.0
Muhammad Wilkerson,15,0,0,0.0,0,0,33,25,58,4.5,28.5
Kyle Emanuel,16,0,0,0.0,0,0,36,22,58,0.5,2.0
William Gay,16,1,0,0.0,0,0,42,16,58,1.0,10.0
Casey Hayward,16,7,102,14.57,31,1,51,7,58,0.0,0.0
Micah Hyde,16,3,11,3.67,11,0,47,11,58,1.0,6.0
Cameron Jordan,16,0,0,0.0,0,0,40,18,58,7.5,51.5
Brent Grimes,16,4,37,9.25,31,1,51,6,57,0.0,0.0
Bruce Irvin,16,0,0,0.0,0,0,47,10,57,7.0,37.0
Trumaine Johnson,14,1,0,0.0,0,0,47,10,57,0.0,0.0
Nevin Lawson,16,0,0,0.0,0,0,46,11,57,0.0,0.0
Rontez Miles,16,0,0,0.0,0,0,34,23,57,0.0,0.0
Jamar Taylor,15,3,43,14.33,29,0,46,11,57,0.0,0.0
Wesley Woodyard,16,1,21,21.0,21,0,42,15,57,2.0,7.0
Sterling Moore,13,2,8,4.0,8,0,44,12,56,0.0,0.0
Josh Shaw,16,1,0,0.0,0,0,38,18,56,0.0,0.0
Shaq Thompson,14,1,12,12.0,12,0,39,17,56,0.0,0.0
E.J. Gaines,11,0,0,0.0,0,0,47,9,56,0.0,0.0
Danielle Hunter,16,0,0,0.0,0,0,34,22,56,12.5,102.5
Anthony Brown,16,1,0,0.0,0,0,40,15,55,0.0,0.0
Nolan Carroll,16,1,0,0.0,0,0,41,14,55,0.0,0.0
Quintin Demps,13,6,54,9.0,19,0,38,17,55,0.0,0.0
Marcus Gilchrist,13,2,25,12.5,25,0,39,16,55,0.0,0.0
Albert McClellan,16,0,0,0.0,0,0,34,21,55,1.0,2.0
Captain Munnerlyn,15,0,0,0.0,0,0,38,17,55,0.0,0.0
Kawann Short,16,0,0,0.0,0,0,30,25,55,6.0,31.0
Michael Wilhoite,16,0,0,0.0,0,0,44,11,55,0.5,4.0
Sean Spence,15,0,0,0.0,0,0,37,17,54,3.0,22.0
LaDarius Gunter,16,0,0,0.0,0,0,50,4,54,0.0,0.0
Akiem Hicks,16,0,0,0.0,0,0,36,18,54,7.0,49.0
Tre Boston,15,2,29,14.5,22,0,38,15,53,2.0,19.0
Ahmad Brooks,16,0,0,0.0,0,0,41,12,53,6.0,36.0
Rafael Bush,16,2,39,19.5,39,1,34,19,53,1.0,9.0
Calais Campbell,16,1,1,1.0,1,0,34,19,53,8.0,67.5
Jared Crick,16,0,0,0.0,0,0,32,21,53,3.0,17.5
James Harrison,15,1,0,0.0,0,0,39,14,53,5.0,39.0
Byron Maxwell,13,2,29,14.5,27,0,43,10,53,0.0,0.0
Whitney Mercilus,15,0,0,0.0,0,0,36,17,53,7.5,56.5
Emmanuel Ogbah,16,0,0,0.0,0,0,28,25,53,5.5,31.5
Jason Pierre-Paul,12,0,0,0.0,0,0,35,18,53,7.0,40.5
Darrelle Revis,15,1,51,51.0,51,0,43,10,53,0.0,0.0
Jimmie Ward,11,1,8,8.0,8,0,43,10,53,1.0,7.0
Tavon Young,16,2,22,11.0,16,0,44,9,53,0.0,0.0
Brandon Marshall,11,0,0,0.0,0,0,39,13,52,0.0,0.0
Antonio Morrison,16,0,0,0.0,0,0,33,19,52,0.0,0.0
Nick Perry,14,1,0,0.0,0,0,35,17,52,11.0,76.5
Xavier Rhodes,14,5,133,26.6,100,1,44,8,52,0.0,0.0
Daimion Stafford,15,1,4,4.0,4,0,42,10,52,1.0,6.0
Kyle Van Noy,14,1,0,0.0,0,0,32,20,52,1.0,8.0
Shareece Wright,12,0,0,0.0,0,0,44,8,52,0.0,0.0
Jadeveon Clowney,14,0,0,0.0,0,0,40,12,52,6.0,45.0
Kemal Ishmael,13,0,0,0.0,0,0,32,20,52,0.0,0.0
Eli Apple,14,1,0,0.0,0,0,41,10,51,0.0,0.0
Markus Golden,16,0,0,0.0,0,0,41,10,51,12.5,96.5
Reshad Jones,6,1,17,17.0,17,0,31,20,51,0.5,0.5
Patrick Peterson,16,3,27,9.0,25,0,45,6,51,0.0,0.0
John Simon,11,0,0,0.0,0,0,32,19,51,3.5,19.0
Brandon Williams,16,0,0,0.0,0,0,34,17,51,1.0,3.0
Derek Wolfe,14,0,0,0.0,0,0,38,13,51,5.5,32.0
Kelvin Sheppard,16,0,0,0.0,0,0,30,20,50,0.0,0.0
Trae Waynes,15,3,4,1.33,4,0,42,8,50,0.0,0.0
Jahleel Addae,8,1,90,90.0,90,1,43,7,50,0.0,0.0
Maurice Alexander,14,2,19,9.5,19,0,38,12,50,1.0,9.0
Malcom Brown,16,0,0,0.0,0,0,24,26,50,3.0,28.0
Prince Amukamara,14,0,0,0.0,0,0,46,3,49,0.0,0.0
Alan Branch,16,0,0,0.0,0,0,26,23,49,1.5,0.5
Andre Branch,16,0,0,0.0,0,0,27,22,49,5.5,34.5
Carlos Dunlap,16,0,0,0.0,0,0,30,19,49,8.0,45.0
William Gholston,14,0,0,0.0,0,0,37,12,49,3.0,24.0
Janoris Jenkins,15,3,26,8.67,23,0,44,5,49,1.0,9.0
Chandler Jones,16,0,0,0.0,0,0,38,11,49,11.0,85.5
Jeremy Lane,16,0,0,0.0,0,0,36,13,49,0.0,0.0
Dominique Rodgers-Cromartie,15,6,28,4.67,28,0,41,8,49,1.0,9.0
J.J. Wilcox,13,1,8,8.0,8,0,37,12,49,0.0,0.0
Jamie Meder,16,0,0,0.0,0,0,26,22,48,1.0,3.0
Tracy Porter,16,2,28,14.0,25,0,45,3,48,0.0,0.0
Shane Ray,16,0,0,0.0,0,0,33,15,48,8.0,43.5
Perry Riley,11,0,0,0.0,0,0,38,10,48,0.0,0.0
Earl Thomas,11,2,5,2.5,5,0,24,24,48,0.0,0.0
De'Vondre Campbell,11,1,7,7.0,7,0,35,13,48,0.0,0.0
Ibraheim Campbell,14,0,0,0.0,0,0,34,14,48,0.0,0.0
Stephon Gilmore,15,5,135,27.0,49,0,42,6,48,0.0,0.0
Everson Griffen,16,0,0,0.0,0,0,36,12,48,8.0,71.0
Joe Haden,13,3,9,3.0,9,0,37,11,48,0.0,0.0
Andre Hal,15,2,36,18.0,24,0,32,16,48,1.0,7.0
Jerry Hughes,16,0,0,0.0,0,0,31,17,48,6.0,56.0
Cory James,16,0,0,0.0,0,0,36,12,48,0.0,0.0
Grady Jarrett,16,0,0,0.0,0,0,21,27,48,3.0,18.0
Chris Baker,16,0,0,0.0,0,0,29,18,47,3.5,35.5
Frank Clark,15,0,0,0.0,0,0,25,22,47,10.0,68.5
Darqueze Dennard,15,0,0,0.0,0,0,32,15,47,0.0,0.0
Aaron Donald,16,0,0,0.0,0,0,36,11,47,8.0,54.0
Trent Murphy,16,0,0,0.0,0,0,29,18,47,9.0,54.5
David Parry,16,0,0,0.0,0,0,34,13,47,3.0,7.0
Darryl Skrine,14,1,51,51.0,51,0,39,8,47,1.0,14.0
Vince Williams,16,0,0,0.0,0,0,37,10,47,2.0,3.0
Brian Orakpo,16,0,0,0.0,0,0,38,8,46,10.5,78.0
Orlando Scandrick,12,1,0,0.0,0,0,39,7,46,2.0,2.0
Andrew Adams,14,1,19,19.0,19,0,31,15,46,0.0,0.0
Derrick Kindred,12,0,0,0.0,0,0,32,14,46,0.0,0.0
Dre Kirkpatrick,15,3,21,7.0,21,0,35,11,46,0.0,0.0
Trey Flowers,16,0,0,0.0,0,0,23,22,45,7.0,45.0
Michael Johnson,16,0,0,0.0,0,0,32,13,45,3.5,19.0
Johnathan Joseph,13,0,0,0.0,0,0,38,7,45,0.0,0.0
Bobby McCain,16,1,0,0.0,0,0,32,13,45,1.0,11.0
Marcus Peters,15,6,63,10.5,28,0,35,10,45,0.0,0.0
Elandon Roberts,13,0,0,0.0,0,0,25,20,45,0.0,0.0
Darius Slay,13,2,24,12.0,13,0,43,1,44,1.0,7.0
Jurrell Casey,15,0,0,0.0,0,0,31,13,44,5.0,38.0
Quandre Diggs,12,0,0,0.0,0,0,40,4,44,0.0,0.0
Dannell Ellerbe,9,0,0,0.0,0,0,34,10,44,4.0,25.0
Phillip Gaines,11,1,0,0.0,0,0,42,2,44,0.0,0.0
Nick Kwiatkoski,14,0,0,0.0,0,0,34,10,44,1.0,0.0
Cre'von LeBlanc,13,2,24,12.0,24,1,40,4,44,0.0,0.0
Briean Boddy-Calhoun,14,3,94,31.33,67,1,39,4,43,1.0,10.0
Fletcher Cox,16,0,0,0.0,0,0,27,16,43,6.5,41.0
Ken Crawley,15,0,0,0.0,0,0,40,3,43,0.0,0.0
Leger Douzable,16,0,0,0.0,0,0,24,19,43,1.5,10.5
Nick Fairley,16,0,0,0.0,0,0,29,14,43,6.5,43.5
T.J. Green,15,0,0,0.0,0,0,32,11,43,0.0,0.0
Johnathan Hankins,16,0,0,0.0,0,0,29,14,43,3.0,16.5
William Hayes,14,0,0,0.0,0,0,31,12,43,5.0,28.0
Tony McDaniel,16,0,0,0.0,0,0,20,23,43,0.0,0.0
Leodis McKelvin,13,2,29,14.5,29,1,32,11,43,0.0,0.0
Ed Reynolds,10,0,0,0.0,0,0,30,13,43,1.0,10.0
Aqib Talib,13,3,86,28.67,46,1,32,11,43,0.0,0.0
Bacarri Rambo,9,1,17,17.0,17,0,25,17,42,0.0,0.0
Erik Walden,16,0,0,0.0,0,0,31,11,42,11.0,64.0
Valentino Blake,16,0,0,0.0,0,0,35,7,42,0.0,0.0
Perrish Cox,11,3,3,1.0,3,0,37,5,42,0.0,0.0
Kendall Fuller,13,0,0,0.0,0,0,32,10,42,0.0,0.0
Jarvis Jones,14,1,20,20.0,20,0,29,13,42,1.0,4.0
Will Blackmon,15,1,79,79.0,79,0,25,16,41,0.5,2.0
Joey Bosa,12,0,0,0.0,0,0,29,12,41,10.5,71.5
Tashaun Gipson,16,1,30,30.0,30,0,34,7,41,0.0,0.0
Chad Greenway,16,1,17,17.0,17,0,26,15,41,0.0,0.0
Anthony Harris,16,0,0,0.0,0,0,30,11,41,0.0,0.0
Jordan Jenkins,14,0,0,0.0,0,0,23,18,41,2.5,16.0
Shea McClellin,14,0,0,0.0,0,0,16,25,41,1.0,7.0
Quinten Rollins,13,1,0,0.0,0,0,39,2,41,0.0,0.0
Frank Zombo,16,0,0,0.0,0,0,30,11,41,1.0,5.0
Terrell McClain,15,0,0,0.0,0,0,21,19,40,2.5,15.5
Da'Norris Searcy,14,1,0,0.0,0,0,35,5,40,0.0,0.0
Sean Smith,15,2,27,13.5,27,0,33,7,40,0.0,0.0
Michael Griffin,13,0,0,0.0,0,0,27,13,40,0.0,0.0
Troy Hill,12,0,0,0.0,0,0,35,5,40,0.0,0.0
Xavien Howard,7,0,0,0.0,0,0,29,11,40,0.0,0.0
Cliff Avril,16,0,0,0.0,0,0,20,19,39,11.5,83.5
Vic Beasley,16,0,0,0.0,0,0,32,7,39,15.5,93.0
Justin Bethel,16,1,66,66.0,66,1,37,2,39,0.0,0.0
Marcell Dareus,8,0,0,0.0,0,0,24,15,39,3.5,13.0
Robert McClain,14,0,0,0.0,0,0,22,17,39,0.5,4.0
Kelcie McCray,16,0,0,0.0,0,0,23,16,39,0.0,0.0
Jordan Poyer,6,0,0,0.0,0,0,29,10,39,0.0,0.0
Damarious Randall,10,3,91,30.33,44,0,35,4,39,0.0,0.0
Bradley Roby,16,2,102,51.0,51,2,34,5,39,1.0,0.0
Ahtyba Rubin,16,0,0,0.0,0,0,25,14,39,1.0,9.0
Shamar Stephen,16,0,0,0.0,0,0,17,22,39,0.0,0.0
Brice McCain,16,2,33,16.5,33,0,31,7,38,0.0,0.0
Terence Newman,15,1,0,0.0,0,0,33,5,38,0.0,0.0
Adrian Phillips,14,1,22,22.0,22,0,25,13,38,0.0,0.0
Preston Smith,16,1,22,22.0,22,0,22,16,38,4.5,31.5
Stephon Tuitt,14,0,0,0.0,0,0,29,9,38,4.0,30.0
Willie Young,16,0,0,0.0,0,0,21,17,38,7.5,43.0
Josh Bynes,9,0,0,0.0,0,0,26,12,38,0.0,0.0
Dee Ford,15,0,0,0.0,0,0,25,13,38,10.0,52.5
Rashad Johnson,14,0,0,0.0,0,0,25,13,38,0.0,0.0
Tyson Alualu,14,0,0,0.0,0,0,29,8,37,2.5,14.0
Vontae Davis,14,1,0,0.0,0,0,34,3,37,0.0,0.0
Justin Durant,13,0,0,0.0,0,0,24,13,37,1.0,2.0
Eli Harold,16,0,0,0.0,0,0,23,14,37,3.0,5.0
D.J. Hayden,11,0,0,0.0,0,0,32,5,37,0.0,0.0
Domata Peko,16,0,0,0.0,0,0,17,20,37,0.0,0.0
Pat Sims,16,0,0,0.0,0,0,15,22,37,1.5,6.5
Corey Liuget,16,0,0,0.0,0,0,28,8,36,0.0,0.0
Clinton McDonald,12,0,0,0.0,0,0,25,11,36,3.5,14.5
Tramon Williams,12,1,0,0.0,0,0,28,8,36,0.0,0.0
Shaquil Barrett,16,0,0,0.0,0,0,23,13,36,1.5,14.5
Quinton Dial,14,0,0,0.0,0,0,24,12,36,0.0,0.0
Kerry Hyder,16,0,0,0.0,0,0,23,13,36,8.0,44.0
Jason Jones,14,0,0,0.0,0,0,22,14,36,3.5,12.0
Ezekiel Ansah,13,0,0,0.0,0,0,21,14,35,2.0,19.0
Robert Blanton,10,0,0,0.0,0,0,27,8,35,0.0,0.0
NaVorro Bowman,4,1,0,0.0,0,0,24,11,35,1.0,8.0
Dominique Easley,16,0,0,0.0,0,0,24,11,35,3.5,21.5
Chris Long,16,0,0,0.0,0,0,22,13,35,4.0,24.0
Tyrann Mathieu,10,1,9,9.0,5,0,33,2,35,1.0,11.0
Darryl Morris,12,1,0,0.0,0,0,28,7,35,0.0,0.0
Michael Pierce,16,0,0,0.0,0,0,19,16,35,2.0,9.0
Nickell Robey,16,2,44,22.0,41,1,32,3,35,0.0,0.0
Daryl Smith,16,1,0,0,28,7,35,0.0,0.0
Terrell Suggs,15,0,0,0.0,0,0,28,7,35,8.0,62.0
Gerald McCoy,15,0,0,0.0,0,0,26,8,34,7.0,51.0
Jarran Reed,15,0,0,0.0,0,0,13,21,34,1.5,3.5
Damien Wilson,16,0,0,0.0,0,0,27,7,34,0.5,4.0
Connor Barwin,16,0,0,0.0,0,0,20,14,34,5.0,52.0
Michael Bennett,11,0,0,0.0,0,0,24,10,34,5.0,40.0
Su'a Cravens,11,1,2,2.0,2,0,24,10,34,1.0,4.0
Robert Golden,13,0,0,0.0,0,0,20,14,34,0.0,0.0
Tamba Hali,16,0,0,0.0,0,0,24,10,34,3.5,25.0
Nate Allen,14,2,5,2.5,4,0,24,9,33,0.0,0.0
Darius Butler,12,3,19,6.33,19,0,27,6,33,0.0,0.0
Mike Daniels,16,0,0,0.0,0,0,25,8,33,4.0,41.0
Leonard Floyd,12,0,0,0.0,0,0,23,10,33,7.0,49.5
Evander Hood,16,0,0,0.0,0,0,17,16,33,1.0,8.0
Mike Hull,16,1,8,8.0,8,0,18,15,33,0.0,0.0
Malik Jackson,16,0,0,0.0,0,0,28,5,33,6.5,39.5
Ryan Kerrigan,16,0,0,0.0,0,0,26,7,33,11.0,84.0
Derrick Morgan,15,0,0,0.0,0,0,24,9,33,9.0,57.0
Jerraud Powers,13,2,1,0.5,1,0,26,7,33,1.0,11.0
Jabaal Sheard,15,0,0,0.0,0,0,20,13,33,5.0,34.0
Marcus Williams,13,2,14,7.0,14,0,29,4,33,1.0,9.0
Josh Mauro,15,0,0,0.0,0,0,24,8,32,0.0,0.0
Corey Moore,16,0,0,0.0,0,0,25,7,32,0.0,0.0
Rob Ninkovich,12,0,0,0.0,0,0,17,15,32,4.0,24.0
Jimmy Smith,11,0,0,0.0,0,0,29,3,32,0.0,0.0
Jaylen Watkins,16,0,0,0.0,0,0,24,8,32,0.0,0.0
Geno Atkins,16,0,0,0.0,0,0,21,11,32,9.0,63.0
Bryce Callahan,11,0,0,0.0,0,0,31,1,32,0.0,0.0
Kony Ealy,16,1,7,7.0,7,0,19,13,32,5.0,23.0
Dante Fowler Jr.,16,0,0,0.0,0,0,23,9,32,4.0,26.5
Ricky Jean-Francois,16,0,0,0.0,0,0,17,15,32,1.5,10.0
Cam Johnson,12,0,0,0.0,0,0,20,12,32,3.0,27.0
Abry Jones,15,0,0,0.0,0,0,26,6,32,0.0,0.0
Mychal Kendricks,15,0,0,0.0,0,0,23,9,32,0.0,0.0
Jalen Collins,8,2,37,18.5,37,0,28,3,31,0.0,0.0
Leon Hall,12,1,29,29.0,29,0,21,10,31,2.0,21.0
Timmy Jernigan,16,1,0,0.0,0,0,16,15,31,5.0,36.0
A.J. Klein,15,0,0,0.0,0,0,17,14,31,1.0,0.0
Craig Mager,11,1,8,8.0,8,0,20,11,31,0.0,0.0
Desmond Trufant,9,1,9,9.0,9,0,25,6,31,2.0,17.0
Trevor Williams,12,0,0,0.0,0,0,26,5,31,0.0,0.0
LaRoy Reynolds,16,0,0,0.0,0,0,18,12,30,0.0,0.0
A'Shawn Robinson,16,0,0,0.0,0,0,22,8,30,2.0,5.0
Justin Simmons,13,2,83,41.5,45,0,25,5,30,1.0,9.0
Jihad Ward,16,0,0,0.0,0,0,16,14,30,0.0,0.0
Corey White,15,2,0,0.0,0,0,22,8,30,0.0,0.0
Letroy Guion,15,0,0,0.0,0,0,20,10,30,0.0,0.0
Leonard Johnson,10,0,0,0.0,0,0,22,8,30,1.0,7.0
Art Jones,8,0,0,0.0,0,0,15,15,30,0.0,0.0
Beau Allen,16,0,0,0.0,0,0,15,14,29,0.5,3.5
Denico Autry,16,0,0,0.0,0,0,21,8,29,2.5,9.0
Robert Ayers,12,0,0,0.0,0,0,21,8,29,6.5,38.5
Anthony Chickillo,15,0,0,0.0,0,0,21,8,29,2.5,22.0
Duron Harmon,16,1,0,0.0,0,0,24,5,29,0.0,0.0
Roman Harper,16,0,0,0.0,0,0,25,4,29,0.0,0.0
Jelani Jenkins,9,0,0,0.0,0,0,15,14,29,0.0,0.0
Cameron Wake,16,1,12,12.0,12,0,22,7,29,11.5,90.5
Sylvester Williams,16,0,0,0.0,0,0,20,9,29,1.0,7.0
Steve McLendon,11,0,0,0.0,0,0,20,8,28,3.5,16.5
Rashard Robinson,14,1,0,0.0,0,0,25,3,28,0.0,0.0
Brian Robison,16,0,0,0.0,0,0,18,10,28,7.5,43.5
Joe Schobert,16,0,0,0.0,0,0,19,9,28,0.5,3.0
Martrell Spaight,14,1,8,8.0,8,0,20,8,28,0.0,0.0
Devin Taylor,16,0,0,0.0,0,0,21,7,28,4.5,31.0
B.W. Webb,14,1,7,7.0,7,0,25,3,28,0.0,0.0
Philip Wheeler,16,0,0,0.0,0,0,18,10,28,0.0,0.0
Tyvon Branch,6,0,0,0.0,0,0,25,3,28,0.0,0.0
David Bruton,4,0,0,0.0,0,0,20,8,28,1.0,2.0
Donald Butler,14,0,0,0.0,0,0,17,11,28,0.0,0.0
Tyrone Crawford,14,0,0,0.0,0,0,16,12,28,4.5,26.0
Brandon Flowers,6,1,33,33.0,33,1,24,4,28,0.0,0.0
Lawrence Guy,16,0,0,0.0,0,0,14,14,28,1.0,9.0
Chris Jones,16,0,0,0.0,0,0,17,11,28,2.0,19.0
Miles Killebrew,16,1,7,7.0,7,0,23,5,28,0.0,0.0
Sam Acho,16,0,0,0.0,0,0,18,9,27,1.0,3.0
Mario Addison,14,0,0,0.0,0,0,22,5,27,9.5,49.5
Kentrell Brice,16,0,0,0.0,0,0,23,4,27,0.0,0.0
Javon Hargrave,15,0,0,0.0,0,0,18,9,27,2.0,17.0
Matt Judon,14,0,0,0.0,0,0,12,15,27,4.0,34.0
Rey Maualuga,14,1,9,9.0,9,0,17,10,27,0.0,0.0
Dontari Poe,16,0,0,0.0,0,0,18,9,27,1.5,2.5
Steven Terrell,16,0,0,0.0,0,0,17,10,27,0.0,0.0
Sean Weatherspoon,4,0,0,0.0,0,0,21,6,27,0.0,0.0
Antwione Williams,14,0,0,0.0,0,0,17,10,27,0.0,0.0
Star Lotulelei,16,0,0,0.0,0,0,14,12,26,4.0,18.0
Mike Purcell,15,0,0,0.0,0,0,17,9,26,0.0,0.0
Keith Reaser,15,0,0,0.0,0,0,23,3,26,0.0,0.0
Patrick Robinson,7,0,0,0.0,0,0,19,7,26,0.0,0.0
Eric Rowe,9,1,0,0.0,0,0,20,6,26,0.0,0.0
Mitch Unrein,13,0,0,0.0,0,0,12,14,26,1.0,3.0
Trevin Wade,16,0,0,0.0,0,0,24,2,26,0.0,0.0
Tyrunn Walker,15,0,0,0.0,0,0,15,11,26,0.0,0.0
Brandon Williams,13,0,0,0.0,0,0,22,4,26,0.0,0.0
Morris Claiborne,7,1,27,27.0,27,0,24,2,26,0.0,0.0
Christian Covington,16,0,0,0.0,0,0,16,10,26,1.0,2.0
Vinny Curry,16,0,0,0.0,0,0,18,8,26,2.5,15.0
Quinton Dunbar,14,1,0,0.0,0,0,23,3,26,1.0,0.0
Jacoby Glenn,7,1,21,21.0,21,0,23,3,26,0.0,0.0
Charles Johnson,13,0,0,0.0,0,0,14,12,26,4.0,24.5
DaQuan Jones,16,0,0,0.0,0,0,17,9,26,1.5,12.0
Karl Klug,14,0,0,0.0,0,0,13,13,26,1.5,9.0
Max Bullough,16,0,0,0.0,0,0,19,6,25,0.0,0.0
T.J. Carrie,16,1,14,14.0,14,0,22,3,25,0.0,0.0
Jack Crawford,16,0,0,0.0,0,0,13,12,25,3.5,14.5
Kevin Johnson,6,0,0,0.0,0,0,22,3,25,0.0,0.0
Paul Kruger,15,0,0,0.0,0,0,20,5,25,1.5,12.5
Benson Mayowa,13,0,0,0.0,0,0,15,10,25,6.0,43.0
Dexter McCoil,16,1,0,0.0,0,0,21,4,25,0.0,0.0
Romeo Okwara,16,0,0,0.0,0,0,12,13,25,1.0,5.0
Chris Prosinski,16,0,0,0.0,0,0,19,6,25,0.0,0.0
Brooks Reed,15,0,0,0.0,0,0,17,8,25,2.0,12.0
Coty Sensabaugh,13,0,0,0.0,0,0,22,3,25,0.0,0.0
Bennie Logan,13,0,0,0.0,0,0,16,8,24,2.5,12.0
Clay Matthews,12,0,0,0.0,0,0,20,4,24,5.0,35.0
Brynden Trawick,15,1,0,0.0,0,0,16,8,24,0.0,0.0
Courtney Upshaw,13,0,0,0.0,0,0,15,9,24,1.0,7.0
Ethan Westbrooks,16,0,0,0.0,0,0,18,6,24,2.0,7.0
Glenn Dorsey,12,0,0,0.0,0,0,20,4,24,1.0,11.0
Alvin Dupree,7,0,0,0.0,0,0,19,5,24,4.5,24.0
Myles Jack,16,0,0,0.0,0,0,18,6,24,0.5,0.0
Maliek Collins,16,0,0,0.0,0,0,17,6,23,5.0,36.0
Tyeler Davison,15,0,0,0.0,0,0,9,14,23,0.0,0.0
Jeff Heath,16,1,19,19.0,19,0,16,7,23,0.0,0.0
Jaye Howard,8,0,0,0.0,0,0,18,5,23,1.0,8.0
Chris Jones,13,0,0,0.0,0,0,16,7,23,0.0,0.0
Josh McNary,16,0,0,0.0,0,0,13,10,23,0.0,0.0
Yannick Ngakoue,16,1,9,9.0,9,0,20,3,23,8.0,45.0
Rakeem Nunez-Roches,11,0,0,0.0,0,0,14,9,23,1.0,8.0
Julius Peppers,16,0,0,0.0,0,0,15,8,23,7.5,47.5
Jordan Phillips,16,1,17,17.0,17,0,13,10,23,0.5,0.0
Deon Simon,16,0,0,0.0,0,0,12,11,23,1.5,5.5
Eugene Sims,16,0,0,0.0,0,0,18,5,23,2.5,17.5
Justin March,5,0,0,0.0,0,0,15,7,22,0.0,0.0
Sen'Derrick Marks,16,0,0,0.0,0,0,18,4,22,3.5,19.0
Cassius Marsh,16,0,0,0.0,0,0,15,7,22,3.0,29.0
Keith McGill,16,0,0,0.0,0,0,16,6,22,0.0,0.0
Koa Misi,3,0,0,0.0,0,0,11,11,22,0.0,0.0
Haloti Ngata,13,0,0,0.0,0,0,11,11,22,1.5,6.0
William Parks,16,1,1,1.0,1,0,17,5,22,0.0,0.0
Joshua Perry,15,0,0,0.0,0,0,16,6,22,0.0,0.0
D.J. Reader,16,0,0,0.0,0,0,7,15,22,1.0,8.0
Kevon Seymour,15,0,0,0.0,0,0,20,2,22,0.0,0.0
LeShaun Sims,13,1,0,0.0,0,0,19,3,22,0.0,0.0
Noah Spence,16,0,0,0.0,0,0,16,6,22,5.5,33.5
Julian Stanford,9,0,0,0.0,0,0,15,7,22,0.0,0.0
Cedric Thornton,13,0,0,0.0,0,0,12,10,22,1.5,9.0
Jude Adjei-Barimah,10,0,0,0.0,0,0,22,0,22,2.0,16.0
Jonathan Babineaux,16,0,0,0.0,0,0,14,8,22,0.0,0.0
Johnson Bademosi,16,1,3,3.0,3,0,19,3,22,0.0,0.0
Deon Bush,11,0,0,0.0,0,0,17,5,22,0.0,0.0
Adrian Clayborn,13,0,0,0.0,0,0,19,3,22,4.5,29.0
Aaron Colvin,10,0,0,0.0,0,0,18,4,22,1.0,7.0
Datone Jones,15,0,0,0.0,0,0,17,5,22,1.0,3.0
Akeem Ayers,16,1,25,25.0,25,0,14,7,21,2.0,15.0
Nat Berhe,7,0,0,0.0,0,0,17,4,21,0.0,0.0
Delvin Breaux,6,0,0,0.0,0,0,18,3,21,0.0,0.0
Kenny Clark,16,0,0,0.0,0,0,13,8,21,0.0,0.0
Justin Ellis,16,0,0,0.0,0,0,15,6,21,0.0,0.0
Erin Henderson,5,0,0,0.0,0,0,12,9,21,0.0,0.0
Cameron Heyward,7,0,0,0.0,0,0,17,4,21,3.0,16.0
Justin Houston,5,0,0,0.0,0,0,20,1,21,4.0,17.0
DeAndre Levy,5,0,0,0.0,0,0,16,5,21,0.0,0.0
Brandon Mebane,10,1,5,5.0,5,0,17,4,21,1.0,10.0
Arthur Moats,16,0,0,0.0,0,0,9,12,21,3.5,17.0
Patrick Onwuasor,11,0,0,0.0,0,0,9,12,21,0.0,0.0
Corey Peters,15,0,0,0.0,0,0,12,9,21,0.0,0.0
Hassan Ridgeway,16,0,0,0.0,0,0,8,13,21,1.5,6.5
Darryl Roberts,12,0,0,0.0,0,0,19,2,21,0.0,0.0
Nick Vigil,16,0,0,0.0,0,0,15,6,21,0.0,0.0
Adolphus Washington,15,0,0,0.0,0,0,12,9,21,2.5,16.0
Vince Wilfork,15,0,0,0.0,0,0,9,12,21,0.0,0.0
Paul Worrilow,12,0,0,0.0,0,0,14,7,21,0.0,0.0
Cory Littleton,16,0,0,0.0,0,0,15,5,20,0.0,0.0
Tyler Matakevich,16,0,0,0.0,0,0,16,4,20,0.0,0.0
Robert Mathis,14,0,0,0.0,0,0,15,5,20,5.0,45.0
Carl Nassib,14,0,0,0.0,0,0,15,5,20,2.5,14.0
Robert Nelson,11,1,0,0.0,0,0,17,3,20,0.0,0.0
Eddie Pleasant,14,0,0,0.0,0,0,16,4,20,0.0,0.0
Sheldon Rankins,9,0,0,0.0,0,0,15,5,20,4.0,32.0
Kendall Reyes,12,0,0,0.0,0,0,15,5,20,1.0,4.0
Za'Darius Smith,13,0,0,0.0,0,0,10,10,20,1.0,9.0
Cornelius Washington,15,0,0,0.0,0,0,14,6,20,2.0,12.0
Aaron Williams,7,0,0,0.0,0,0,13,7,20,0.0,0.0
Xavier Cooper,13,0,0,0.0,0,0,11,9,20,0.0,0.0
Blake Countess,5,0,0,0.0,0,0,12,8,20,1.0,0.0
Tracy Howard,15,0,0,0.0,0,0,15,5,20,0.0,0.0
Charles James,13,0,0,0.0,0,0,17,3,20,0.0,0.0
Michael Jordan,5,0,0,0.0,0,0,15,5,20,0.0,0.0
Michael Brockers,14,0,0,0.0,0,0,14,5,19,0.0,0.0
Nate Ebner,16,0,0,0.0,0,0,13,6,19,0.0,0.0
Jayrone Elliott,11,0,0,0.0,0,0,14,5,19,1.0,8.0
Zach Kerr,12,0,0,0.0,0,0,11,8,19,2.5,15.5
David Mayo,15,0,0,0.0,0,0,16,3,19,0.0,0.0
Terrance Mitchell,7,0,0,0.0,0,0,17,2,19,0.0,0.0
Akeem Spence,16,0,0,0.0,0,0,10,9,19,0.5,0.5
Khyri Thornton,13,0,0,0.0,0,0,14,5,19,1.0,7.0
Neiko Thorpe,15,0,0,0.0,0,0,13,6,19,0.0,0.0
John Timu,11,0,0,0.0,0,0,16,3,19,0.0,0.0
Vincent Valentine,13,0,0,0.0,0,0,11,8,19,1.0,3.0
Steve Williams,5,0,0,0.0,0,0,18,1,19,0.0,0.0
Billy Winn,16,0,0,0.0,0,0,8,11,19,0.0,0.0
Earl Mitchell,9,0,0,0.0,0,0,12,6,18,0.0,0.0
David Onyemata,16,0,0,0.0,0,0,11,7,18,0.0,0.0
Dan Skuta,13,0,0,0.0,0,0,15,3,18,0.0,0.0
Greg Toler,16,0,0,0.0,0,0,15,3,18,0.0,0.0
Al Woods,12,0,0,0.0,0,0,14,4,18,0.0,0.0
Jonathan Bullard,14,0,0,0.0,0,0,15,3,18,1.0,3.0
Cornellius Carradine,13,0,0,0.0,0,0,10,8,18,0.0,0.0
Kyler Fackrell,13,0,0,0.0,0,0,16,2,18,2.0,15.0
Eddie Goldman,6,0,0,0.0,0,0,12,6,18,2.5,15.5
Ra'Shede Hageman,12,0,0,0.0,0,0,11,7,18,2.0,21.0
Kenneth Acker,9,0,0,0.0,0,0,16,1,17,0.0,0.0
D.J. Alexander,16,0,0,0.0,0,0,14,3,17,0.0,0.0
C.J. Goodwin,14,0,0,0.0,0,0,14,3,17,0.0,0.0
Davon House,16,0,0,0.0,0,0,14,3,17,0.0,0.0
Ramon Humber,16,0,0,0.0,0,0,15,2,17,0.0,0.0
Margus Hunt,15,0,0,0.0,0,0,9,8,17,0.0,0.0
David Irving,15,0,0,0.0,0,0,12,5,17,4.0,17.0
Tom Johnson,14,1,4,4.0,4,0,11,6,17,2.0,11.0
Darius Latham,14,0,0,0.0,0,0,8,9,17,0.0,0.0
James Laurinaitis,5,0,0,0.0,0,0,9,8,17,0.0,0.0
Lerentee McCray,13,0,0,0.0,0,0,9,8,17,0.0,0.0
Daniel McCullers,16,0,0,0.0,0,0,10,7,17,1.0,8.0
Stacy McGee,9,0,0,0.0,0,0,14,3,17,2.5,13.5
Darryl Tapp,16,0,0,0.0,0,0,12,5,17,0.5,5.5
Manti Te'o,3,0,0,0.0,0,0,11,6,17,0.0,0.0
Dekoda Watson,16,0,0,0.0,0,0,13,4,17,1.0,7.0
Dan Williams,16,0,0,0.0,0,0,11,6,17,0.5,1.5
Kyle Love,10,0,0,0.0,0,0,8,8,16,1.5,11.0
Lorenzo Mauldin,11,1,0,0.0,0,0,7,9,16,2.5,12.5
Sherrick McManis,16,0,0,0.0,0,0,15,1,16,0.0,0.0
Pernell McPhee,9,0,0,0.0,0,0,13,3,16,4.0,34.0
Jonathan Meeks,16,0,0,0.0,0,0,12,4,16,0.0,0.0
Marcus Smith,16,0,0,0.0,0,0,12,4,16,2.5,4.0
Alterraun Verner,16,1,16,16.0,16,0,15,1,16,0.0,0.0
Stephone Anthony,10,0,0,0.0,0,0,12,4,16,0.0,0.0
David Bass,13,0,0,0.0,0,0,10,6,16,0.0,0.0
Ronald Blair,16,0,0,0.0,0,0,11,5,16,3.0,14.0
Juston Burris,16,1,0,0.0,0,0,13,3,16,0.0,0.0
Bruce Carter,13,0,0,0.0,0,0,9,7,16,0.0,0.0
Trent Cole,7,0,0,0.0,0,0,11,5,16,2.0,19.0
Brandon Copeland,16,0,0,0.0,0,0,11,5,16,0.0,0.0
Brock Coyle,12,0,0,0.0,0,0,7,9,16,1.0,1.0
Jordan Dangerfield,14,0,0,0.0,0,0,5,11,16,0.0,0.0
Terence Garvin,16,0,0,0.0,0,0,10,6,16,0.5,4.0
DeAngelo Hall,3,0,0,0.0,0,0,10,6,16,0.0,0.0
James Ihedigbo,4,0,0,0.0,0,0,10,6,16,0.0,0.0
Cullen Jenkins,15,0,0,0.0,0,0,10,6,16,1.5,13.5
Christian Jones,16,0,0,0.0,0,0,10,6,16,0.0,0.0
Thurston Armbrister,14,0,0,0.0,0,0,14,1,15,0.0,0.0
Arik Armstead,8,0,0,0.0,0,0,9,6,15,2.5,4.5
Will Clarke,16,0,0,0.0,0,0,10,5,15,4.0,15.0
Wallace Gilberry,9,0,0,0.0,0,0,11,4,15,2.5,20.5
Rodney Gunter,16,0,0,0.0,0,0,7,8,15,1.5,11.0
Ben Heeney,4,0,0,0.0,0,0,13,2,15,0.0,0.0
Dontae Johnson,15,0,0,0.0,0,0,11,4,15,0.0,0.0
Josh Martin,15,0,0,0.0,0,0,8,7,15,0.5,6.0
Will Sutton,8,0,0,0.0,0,0,8,7,15,0.0,0.0
Cam Thomas,16,0,0,0.0,0,0,11,4,15,1.0,5.0
Destiny Vaeao,16,0,0,0.0,0,0,9,6,15,2.0,13.0
Demarcus Ware,10,0,0,0.0,0,0,9,6,15,4.0,22.0
Eric Weems,16,0,0,0.0,0,0,9,6,15,0.0,0.0
Ricardo Mathews,16,0,0,0.0,0,0,8,6,14,1.0,8.0
Trovon Reed,6,2,6,3.0,3,0,14,0,14,0.0,0.0
Peyton Thompson,15,0,0,0.0,0,0,10,4,14,0.0,0.0
Aaron Wallace,10,0,0,0.0,0,0,11,3,14,1.0,9.0
Tourek Williams,16,0,0,0.0,0,0,9,5,14,1.0,0.0
Zaire Anderson,16,0,0,0.0,0,0,9,5,14,0.0,0.0
Jay Bromley,15,0,0,0.0,0,0,9,5,14,1.0,5.0
Ron Brooks,6,0,0,0.0,0,0,12,2,14,0.0,0.0
Don Carey,14,0,0,0.0,0,0,12,2,14,0.0,0.0
Antonio Cromartie,4,0,0,0.0,0,0,14,0,14,0.0,0.0
Cody Davis,15,1,29,29.0,29,0,9,5,14,0.0,0.0
Terrence Fede,9,0,0,0.0,0,0,6,8,14,0.0,0.0
Adarius Taylor,16,0,0,0.0,0,0,12,2,14,0.0,0.0
Demetri Goodson,6,0,0,0.0,0,0,10,4,14,0.0,0.0
Adam Gotsis,16,0,0,0.0,0,0,5,9,14,0.0,0.0
Demontre Hurst,10,1,0,0.0,0,0,14,0,14,1.0,11.0
Jarvis Jenkins,16,0,0,0.0,0,0,12,2,14,0.0,0.0
Austin Johnson,10,0,0,0.0,0,0,7,7,14,0.5,3.0
Jonathan Jones,16,0,0,0.0,0,0,10,4,14,0.0,0.0
DaVonte Lambert,11,0,0,0.0,0,0,9,5,14,0.0,0.0
Aaron Burbridge,16,0,0,0.0,0,0,9,4,13,0.0,0.0
Rex Burkhead,16,0,0,0.0,0,0,8,5,13,0.0,0.0
Vernon Butler,10,0,0,0.0,0,0,5,8,13,1.5,11.0
Tyson Jackson,16,0,0,0.0,0,0,5,8,13,0.0,0.0
John Jenkins,9,0,0,0.0,0,0,6,7,13,0.0,0.0
Emmanuel Lamur,16,0,0,0.0,0,0,5,8,13,0.0,0.0
Shaq Lawson,10,0,0,0.0,0,0,7,6,13,2.0,17.0
Aaron Lynch,7,0,0,0.0,0,0,12,1,13,1.5,6.5
Alex Okafor,15,0,0,0.0,0,0,10,3,13,3.5,28.5
Tenny Palepoi,13,0,0,0.0,0,0,6,7,13,0.0,0.0
Frostee Rucker,13,0,0,0.0,0,0,7,6,13,0.0,0.0
Brennan Scarlett,7,0,0,0.0,0,0,6,7,13,0.0,0.0
Damion Square,11,0,0,0.0,0,0,8,5,13,2.5,16.5
Jason Verrett,4,1,0,0.0,0,0,11,2,13,0.0,0.0
Mario Williams,13,0,0,0.0,0,0,9,4,13,1.5,9.0
C.J. Wilson,6,0,0,0.0,0,0,9,4,13,1.0,0.0
Anthony Zettel,13,0,0,0.0,0,0,10,3,13,1.0,7.0
Chris Maragos,16,0,0,0.0,0,0,10,2,12,0.0,0.0
Michael Morgan,9,1,14,14.0,14,0,7,5,12,0.0,0.0
Jared Odrick,6,0,0,0.0,0,0,9,3,12,1.0,0.0
Stephen Paea,13,0,0,0.0,0,0,6,6,12,0.5,2.5
Nate Palmer,14,0,0,0.0,0,0,7,5,12,0.0,0.0
Kevin Pierre-Louis,13,0,0,0.0,0,0,7,5,12,0.0,0.0
Josh Robinson,16,0,0,0.0,0,0,12,0,12,0.0,0.0
Jerel Worthy,13,0,0,0.0,0,0,5,7,12,0.0,0.0
Kerry Wynn,14,0,0,0.0,0,0,6,6,12,0.5,1.5
Henry Anderson,11,0,0,0.0,0,0,9,3,12,0.0,0.0
Daren Bates,16,0,0,0.0,0,0,8,4,12,0.0,0.0
De'Vante Bausby,4,0,0,0.0,0,0,11,1,12,0.0,0.0
Stefan Charles,12,0,0,0.0,0,0,7,5,12,0.0,0.0
Audie Cole,16,0,0,0.0,0,0,7,5,12,0.0,0.0
Deshazor Everett,16,1,0,0.0,0,0,12,0,12,0.0,0.0
De'Vante Harris,10,0,0,0.0,0,0,10,2,12,0.0,0.0
Dwayne Harris,16,0,0,0.0,0,0,8,4,12,0.0,0.0
Johnny Holton,15,0,0,0.0,0,0,11,1,12,0.0,0.0
Anthony Johnson,11,0,0,0.0,0,0,6,6,12,0.0,0.0
Don Jones,13,0,0,0.0,0,0,9,3,12,0.0,0.0
Jeremiah Attaochu,8,0,0,0.0,0,0,10,1,11,2.0,19.0
Corbin Bryant,8,0,0,0.0,0,0,5,6,11,0.0,0.0
Akeem Dent,16,0,0,0.0,0,0,9,2,11,0.0,0.0
Elvis Dumervil,8,0,0,0.0,0,0,9,2,11,3.0,24.0
Kasim Edebali,16,0,0,0.0,0,0,8,3,11,1.0,8.0
Lavar Edwards,10,0,0,0.0,0,0,8,3,11,2.0,15.0
Matthias Farley,16,0,0,0.0,0,0,8,3,11,0.0,0.0
Wes Horton,11,0,0,0.0,0,0,3,8,11,2.5,11.5
Demarcus Lawrence,9,0,0,0.0,0,0,8,3,11,1.0,8.0
Anthony Levine,16,0,0,0.0,0,0,7,4,11,0.0,0.0
Barkevious Mingo,16,0,0,0.0,0,0,9,2,11,0.0,0.0
Brian Peters,12,0,0,0.0,0,0,7,4,11,0.0,0.0
Darius Philon,14,0,0,0.0,0,0,7,4,11,1.0,0.0
Chase Reynolds,16,0,0,0.0,0,0,10,1,11,0.0,0.0
Darrell Stuckey,16,0,0,0.0,0,0,10,1,11,0.0,0.0
D.J. White,11,1,0,0.0,0,0,10,1,11,0.0,0.0
James Wright,13,0,0,0.0,0,0,4,7,11,0.0,0.0
Kareem Martin,13,0,0,0.0,0,0,8,2,10,1.0,4.0
Roy Miller,6,0,0,0.0,0,0,10,0,10,0.0,0.0
Robert Quinn,9,0,0,0.0,0,0,8,2,10,4.0,33.0
Sealver Siliga,10,0,0,0.0,0,0,6,4,10,1.0,3.0
Brent Urban,16,0,0,0.0,0,0,7,3,10,2.0,9.0
Bene Benwikere,4,1,1,1.0,1,0,8,2,10,0.0,0.0
Javien Elliott,6,0,0,0.0,0,0,8,2,10,0.0,0.0
Clayton Fejedelem,16,0,0,0.0,0,0,7,3,10,0.0,0.0
Dwight Freeney,15,0,0,0.0,0,0,7,3,10,3.0,23.0
Jonathan Freeny,5,0,0,0.0,0,0,6,4,10,0.0,0.0
Andrew Gachkar,16,0,0,0.0,0,0,6,4,10,0.0,0.0
Najee Goode,16,0,0,0.0,0,0,9,1,10,0.0,0.0
Brandon King,16,0,0,0.0,0,0,7,3,10,0.0,0.0
Kendall Langford,7,0,0,0.0,0,0,8,2,10,0.0,0.0
Freddie Bishop,4,0,0,0.0,0,0,5,4,9,0.0,0.0
Angelo Blackson,13,0,0,0.0,0,0,4,5,9,0.0,0.0
Kentrell Brothers,10,0,0,0.0,0,0,9,0,9,0.0,0.0
Shilique Calhoun,10,0,0,0.0,0,0,8,1,9,0.5,1.0
James Cowser,6,0,0,0.0,0,0,7,2,9,1.0,10.0
Josh Forrest,10,0,0,0.0,0,0,6,3,9,0.0,0.0
B.J. Goodson,15,0,0,0.0,0,0,5,4,9,0.0,0.0
Randy Gregory,2,0,0,0.0,0,0,8,1,9,1.0,8.0
Deiondre' Hall,8,1,0,0.0,0,0,7,2,9,0.0,0.0
Andre Holmes,16,0,0,0.0,0,0,7,2,9,0.0,0.0
Josh Johnson,8,0,0,0.0,0,0,5,4,9,0.5,5.0
Corey Lemonier,9,0,0,0.0,0,0,8,1,9,2.0,10.0
Ricardo Louis,16,0,0,0.0,0,0,8,1,9,0.0,0.0
Michael Mauti,8,0,0,0.0,0,0,8,1,9,1.0,9.0
Chris Milton,6,0,0,0.0,0,0,7,2,9,0.0,0.0
Eric Murray,16,0,0,0.0,0,0,9,0,9,0.0,0.0
Dashaun Phillips,5,0,0,0.0,0,0,5,4,9,0.0,0.0
Hayes Pullard,16,0,0,0.0,0,0,5,4,9,0.0,0.0
Denzel Rice,3,0,0,0.0,0,0,6,3,9,0.0,0.0
Zack Sanchez,5,0,0,0.0,0,0,5,4,9,0.0,0.0
Anthony Sherman,16,0,0,0.0,0,0,9,0,9,0.0,0.0
Brandon Spikes,11,0,0,0.0,0,0,4,5,9,0.0,0.0
Kyle Wilber,15,0,0,0.0,0,0,7,2,9,0.0,0.0
Dean Lowry,15,0,0,0.0,0,0,6,2,8,2.0,19.0
Dewey McDonald,14,0,0,0.0,0,0,6,2,8,0.0,0.0
Leon McFadden,9,0,0,0.0,0,0,6,2,8,0.0,0.0
Roosevelt Nix,10,0,0,0.0,0,0,5,3,8,0.0,0.0
James O'Shaughnessy,16,0,0,0.0,0,0,6,2,8,0.0,0.0
Derrick Shelby,6,0,0,0.0,0,0,6,2,8,0.0,0.0
Shayne Skov,9,0,0,0.0,0,0,5,3,8,0.0,0.0
Derron Smith,12,0,0,0.0,0,0,4,4,8,0.0,0.0
Paul Soliai,10,0,0,0.0,0,0,4,4,8,0.0,0.0
Rod Streater,16,0,0,0.0,0,0,5,3,8,0.0,0.0
Leterrius Walton,10,0,0,0.0,0,0,6,2,8,0.0,0.0
Julius Warmsley,5,0,0,0.0,0,0,4,4,8,0.0,0.0
J.J. Watt,3,0,0,0.0,0,0,1,7,8,1.5,5.0
Kayvon Webster,13,0,0,0.0,0,0,7,1,8,0.0,0.0
Nicholas Williams,10,0,0,0.0,0,0,7,1,8,0.0,0.0
Jarrod Wilson,16,0,0,0.0,0,0,6,2,8,0.0,0.0
Ray-Ray Armstrong,2,1,5,5.0,5,0,7,1,8,0.0,0.0
Marcus Burley,12,0,0,0.0,0,0,6,2,8,0.0,0.0
Trey Burton,15,0,0,0.0,0,0,7,1,8,0.0,0.0
Chris Carter,14,0,0,0.0,0,0,5,3,8,0.0,0.0
Sammie Coates,14,0,0,0.0,0,0,4,4,8,0.0,0.0
Justin Coleman,10,0,0,0.0,0,0,8,0,8,0.0,0.0
Sheldon Day,16,0,0,0.0,0,0,6,2,8,1.0,4.0
Zak DeOssie,16,0,0,0.0,0,0,7,1,8,0.0,0.0
DeAndre Elliott,13,0,0,0.0,0,0,5,3,8,0.0,0.0
Marquis Flowers,16,0,0,0.0,0,0,8,0,8,0.0,0.0
Jonathan Grimes,10,0,0,0.0,0,0,7,1,8,0.0,0.0
Kamu Grugier-Hill,12,0,0,0.0,0,0,7,1,8,0.0,0.0
Joel Heath,12,0,0,0.0,0,0,5,3,8,2.0,11.0
Matt Ioannidis,10,0,0,0.0,0,0,6,2,8,0.0,0.0
Tyler Kroft,14,0,0,0.0,0,0,6,2,8,0.0,0.0
Walt Aikens,15,0,0,0.0,0,0,4,3,7,0.0,0.0
Dominique Alexander,14,0,0,0.0,0,0,3,4,7,0.0,0.0
Jonathan Anderson,8,0,0,0.0,0,0,4,3,7,0.0,0.0
Allen Bailey,5,0,0,0.0,0,0,5,2,7,0.0,0.0
Chris Banjo,9,0,0,0.0,0,0,7,0,7,0.0,0.0
Adairius Barnes,7,0,0,0.0,0,0,6,1,7,0.0,0.0
Houston Bates,14,0,0,0.0,0,0,5,2,7,0.0,0.0
Zaviar Gooden,8,0,0,0.0,0,0,4,3,7,0.0,0.0
Mark Herzlich,14,0,0,0.0,0,0,4,3,7,0.0,0.0
Tyreek Hill,16,0,0,0.0,0,0,4,3,7,0.0,0.0
Akeem Hunt,8,0,0,0.0,0,0,5,2,7,0.0,0.0
Asa Jackson,4,0,0,0.0,0,0,5,2,7,0.0,0.0
Cyrus Jones,10,0,0,0.0,0,0,3,4,7,0.0,0.0
Shiloh Keo,10,0,0,0.0,0,0,7,0,7,0.0,0.0
Cody Latimer,12,0,0,0.0,0,0,7,0,7,0.0,0.0
Curt Maggitt,9,0,0,0.0,0,0,3,4,7,0.0,0.0
Harlan Miller,2,1,52,52.0,52,0,5,2,7,0.0,0.0
Damontre Moore,4,0,0,0.0,0,0,3,4,7,0.5,3.5
Mike Pennel,8,0,0,0.0,0,0,5,2,7,0.0,0.0
Shamarko Thomas,8,0,0,0.0,0,0,7,0,7,0.0,0.0
Darian Thompson,2,0,0,0.0,0,0,6,1,7,0.0,0.0
Jordan Todman,16,0,0,0.0,0,0,5,2,7,0.0,0.0
Stephen Tulloch,12,0,0,0.0,0,0,7,0,7,0.0,0.0
P.J. Williams,2,0,0,0.0,0,0,5,2,7,0.0,0.0
Kendrick Lewis,6,0,0,0.0,0,0,6,0,6,0.0,0.0
Matt Longacre,6,0,0,0.0,0,0,4,2,6,0.0,0.0
T.Y. McGill,13,0,0,0.0,0,0,4,2,6,2.0,20.0
Doug Middleton,4,0,0,0.0,0,0,3,3,6,0.0,0.0
Jared Norris,14,0,0,0.0,0,0,3,3,6,0.0,0.0
Cordarrelle Patterson,16,0,0,0.0,0,0,5,1,6,0.0,0.0
Tharold Simon,9,0,0,0.0,0,0,5,1,6,0.0,0.0
Deontae Skinner,4,0,0,0.0,0,0,6,0,6,0.0,0.0
Matt Slater,13,0,0,0.0,0,0,4,2,6,0.0,0.0
Ed Stinson,4,0,0,0.0,0,0,6,0,6,0.0,0.0
Vinnie Sunseri,6,0,0,0.0,0,0,4,2,6,0.0,0.0
Mike Thomas,15,0,0,0.0,0,0,6,0,6,0.0,0.0
Darren Waller,12,0,0,0.0,0,0,6,0,6,0.0,0.0
Joe Webb,14,0,0,0.0,0,0,6,0,6,0.0,0.0
Brandon Williams,16,0,0,0.0,0,0,4,2,6,0.0,0.0
Teddy Williams,3,1,19,19.0,19,0,5,1,6,0.0,0.0
Xavier Williams,8,0,0,0.0,0,0,4,2,6,0.0,0.0
Richard Ash,2,0,0,0.0,0,0,3,3,6,0.0,0.0
Johnthan Banks,4,0,0,0.0,0,0,4,2,6,0.0,0.0
Josh Bellamy,16,0,0,0.0,0,0,5,1,6,0.0,0.0
Blake Bell,13,0,0,0.0,0,0,3,3,6,0.0,0.0
Alfred Blue,14,0,0,0.0,0,0,6,0,6,0.0,0.0
Travaris Cadet,15,0,0,0.0,0,0,4,2,6,0.0,0.0
Jeremy Cash,8,0,0,0.0,0,0,5,1,6,0.0,0.0
Ryan Delaire,6,0,0,0.0,0,0,3,3,6,1.0,5.0
Nick Dzubnar,4,0,0,0.0,0,0,3,3,6,0.0,0.0
Marwin Evans,16,0,0,0.0,0,0,5,1,6,0.0,0.0
Bennie Fowler,13,0,0,0.0,0,0,6,0,6,0.0,0.0
Kavon Frazier,9,0,0,0.0,0,0,4,2,6,0.0,0.0
Corey Grant,11,0,0,0.0,0,0,5,1,6,0.0,0.0
Bryce Hager,16,0,0,0.0,0,0,6,0,6,0.0,0.0
Clark Harris,13,0,0,0.0,0,0,3,3,6,0.0,0.0
Tyrone Holmes,11,0,0,0.0,0,0,2,4,6,1.0,0.0
DeAndre Hopkins,16,0,0,0.0,0,0,6,0,6,0.0,0.0
John Hughes,5,0,0,0.0,0,0,5,1,6,0.0,0.0
Dontrelle Inman,16,0,0,0.0,0,0,6,0,6,0.0,0.0
Steven Johnson,6,0,0,0.0,0,0,5,1,6,0.0,0.0
Colin Jones,14,0,0,0.0,0,0,5,1,6,0.0,0.0
Jayron Kearse,16,0,0,0.0,0,0,4,2,6,0.0,0.0
Jake Lampman,6,0,0,0.0,0,0,6,0,6,0.0,0.0
Daniel Lasco,7,0,0,0.0,0,0,6,0,6,0.0,0.0
Mackensie Alexander,13,0,0,0.0,0,0,3,2,5,0.0,0.0
Antonio Allen,12,0,0,0.0,0,0,3,2,5,0.0,0.0
Robbie Chosen,16,0,0,0.0,0,0,5,0,5,0.0,0.0
Antonio Andrews,16,0,0,0.0,0,0,3,2,5,0.0,0.0
Arrelious Benn,15,0,0,0.0,0,0,5,0,5,0.0,0.0
Matt Bosher,15,0,0,0.0,0,0,4,1,5,0.0,0.0
Carl Bradford,6,0,0,0.0,0,0,4,1,5,0.0,0.0
Bryan Braman,16,0,0,0.0,0,0,5,0,5,0.0,0.0
Terrence Brooks,11,1,6,6.0,6,0,4,1,5,0.0,0.0
Sergio Brown,8,0,0,0.0,0,0,3,2,5,0.0,0.0
Armonty Bryant,5,0,0,0.0,0,0,4,1,5,3.0,21.0
A.J. Cann,16,0,0,0.0,0,0,5,0,5,0.0,0.0
Tank Carder,16,0,0,0.0,0,0,5,0,5,0.0,0.0
Ryan Carrethers,4,0,0,0.0,0,0,4,1,5,0.0,0.0
Marcus Cromartie,10,0,0,0.0,0,0,5,0,5,0.0,0.0
Ed Dickson,16,0,0,0.0,0,0,4,1,5,0.0,0.0
K.J. Dillon,5,0,0,0.0,0,0,4,1,5,0.0,0.0
Kevin Dodd,9,0,0,0.0,0,0,5,0,5,1.0,6.0
Kenyan Drake,16,0,0,0.0,0,0,3,2,5,0.0,0.0
Shaun Draughn,16,0,0,0.0,0,0,4,1,5,0.0,0.0
Josh Ferguson,16,0,0,0.0,0,0,4,1,5,0.0,0.0
Morgan Fox,4,0,0,0.0,0,0,3,2,5,0.0,0.0
Dwayne Gratz,3,0,0,0.0,0,0,5,0,5,0.0,0.0
Geneo Grissom,11,0,0,0.0,0,0,2,3,5,0.0,0.0
Josh Hawkins,11,0,0,0.0,0,0,5,0,5,0.0,0.0
Charley Hughlett,16,0,0,0.0,0,0,3,2,5,0.0,0.0
Jeff Janis,16,0,0,0.0,0,0,5,0,5,0.0,0.0
Jeron Johnson,4,0,0,0.0,0,0,2,3,5,0.0,0.0
Kyle Juszczyk,16,0,0,0.0,0,0,4,1,5,0.0,0.0
Ufomba Kamalu,4,0,0,0.0,0,0,3,2,5,1.0,4.0
Darius Kilgo,9,0,0,0.0,0,0,2,3,5,0.0,0.0
Chris Lewis-Harris,14,1,11,11.0,11,0,3,2,5,0.0,0.0
Roger Lewis,13,0,0,0.0,0,0,5,0,5,0.0,0.0
Bradley Marquez,14,0,0,0.0,0,0,4,1,5,0.0,0.0
Nick Marshall,8,0,0,0.0,0,0,3,2,5,0.0,0.0
Cameron Meredith,14,0,0,0.0,0,0,5,0,5,0.0,0.0
Chris Moore,15,0,0,0.0,0,0,4,1,5,0.0,0.0
Kyle Nelson,16,0,0,0.0,0,0,3,2,5,0.0,0.0
Charone Peake,15,0,0,0.0,0,0,3,2,5,0.0,0.0
Bobby Rainey,15,0,0,0.0,0,0,3,2,5,0.0,0.0
Caraun Reid,7,0,0,0.0,0,0,5,0,5,1.0,9.0
Denard Robinson,13,0,0,0.0,0,0,5,0,5,0.0,0.0
Charles Sims,7,0,0,0.0,0,0,5,0,5,0.0,0.0
Garrison Smith,3,0,0,0.0,0,0,1,4,5,0.0,0.0
Keith Smith,16,0,0,0.0,0,0,5,0,5,0.0,0.0
Phillip Supernaw,15,0,0,0.0,0,0,3,2,5,0.0,0.0
Adam Thielen,16,0,0,0.0,0,0,4,1,5,0.0,0.0
Robert Thomas,8,0,0,0.0,0,0,3,2,5,1.0,4.0
Channing Ward,5,0,0,0.0,0,0,1,4,5,0.0,0.0
Derek Watt,16,0,0,0.0,0,0,4,1,5,0.0,0.0
Fozzy Whittaker,16,0,0,0.0,0,0,5,0,5,0.0,0.0
Kerwynn Williams,10,0,0,0.0,0,0,4,1,5,0.0,0.0
Brandon Marshall,15,0,0,0.0,0,0,4,0,4,0.0,0.0
Gabe Martin,8,0,0,0.0,0,0,2,2,4,0.0,0.0
Sean McGrath,16,0,0,0.0,0,0,3,1,4,0.0,0.0
Ifeanyi Momah,5,0,0,0.0,0,0,4,0,4,0.0,0.0
Ayodeji Olatoye,5,0,0,0.0,0,0,3,1,4,0.0,0.0
Jamize Olawale,16,0,0,0.0,0,0,4,0,4,0.0,0.0
Nate Orchard,3,0,0,0.0,0,0,2,2,4,0.0,0.0
Paul Perkins,14,0,0,0.0,0,0,3,1,4,0.0,0.0
Jay Prosch,15,0,0,0.0,0,0,3,1,4,0.0,0.0
Justin Pugh,11,0,0,0.0,0,0,4,0,4,0.0,0.0
Demarcus Robinson,16,0,0,0.0,0,0,4,0,4,0.0,0.0
Ryan Russell,8,0,0,0.0,0,0,4,0,4,1.0,6.0
Garrison Sanborn,16,0,0,0.0,0,0,1,3,4,0.0,0.0
Marcus Sherels,11,0,0,0.0,0,0,4,0,4,0.0,0.0
Antonio Smith,13,0,0,0.0,0,0,3,1,4,0.5,3.5
Chris Smith,6,0,0,0.0,0,0,4,0,4,1.0,4.0
Willie Snead,15,0,0,0.0,0,0,3,1,4,0.0,0.0
Kenny Stills,16,0,0,0.0,0,0,4,0,4,0.0,0.0
Erik Swoope,16,0,0,0.0,0,0,3,1,4,0.0,0.0
Lawrence Thomas,3,0,0,0.0,0,0,3,1,4,0.0,0.0
Michael Thomas,15,0,0,0.0,0,0,3,1,4,0.0,0.0
Justin Trattou,16,0,0,0.0,0,0,3,1,4,0.0,0.0
Robert Turbin,15,0,0,0.0,0,0,2,2,4,0.0,0.0
Carson Wentz,16,0,0,0.0,0,0,3,1,4,0.0,0.0
Duke Williams,9,0,0,0.0,0,0,4,0,4,0.0,0.0
Tyrell Williams,16,0,0,0.0,0,0,4,0,4,0.0,0.0
Albert Wilson,16,0,0,0.0,0,0,3,1,4,0.0,0.0
Gabe Wright,5,0,0,0.0,0,0,3,1,4,0.0,0.0
Zach Zenner,14,0,0,0.0,0,0,4,0,4,0.0,0.0
Marcus Ball,5,0,0,0.0,0,0,3,1,4,0.0,0.0
Travis Benjamin,14,0,0,0.0,0,0,4,0,4,0.0,0.0
Brandon Bolden,14,0,0,0.0,0,0,4,0,4,0.0,0.0
Ben Braunecker,13,0,0,0.0,0,0,3,1,4,0.0,0.0
Philly Brown,16,0,0,0.0,0,0,4,0,4,0.0,0.0
Mike Catapano,11,0,0,0.0,0,0,3,1,4,0.0,0.0
Kamalei Correa,9,0,0,0.0,0,0,3,1,4,0.0,0.0
Ryan Davis,9,0,0,0.0,0,0,1,3,4,0.0,0.0
Will Davis,3,1,0,0.0,0,0,1,3,4,0.0,0.0
Lorenzo Doss,6,0,0,0.0,0,0,4,0,4,0.0,0.0
Matt Elam,9,0,0,0.0,0,0,4,0,4,0.0,0.0
Tyler Ervin,12,0,0,0.0,0,0,3,1,4,0.0,0.0
Gavin Escobar,16,0,0,0.0,0,0,3,1,4,0.0,0.0
L.J. Fort,14,0,0,0.0,0,0,3,1,4,0.0,0.0
Will Fuller,14,0,0,0.0,0,0,4,0,4,0.0,0.0
Graham Gano,16,0,0,0.0,0,0,4,0,4,0.0,0.0
Max Garcia,16,0,0,0.0,0,0,4,0,4,0.0,0.0
Mike Gillislee,15,0,0,0.0,0,0,4,0,4,0.0,0.0
Brittan Golden,12,0,0,0.0,0,0,4,0,4,0.0,0.0
Winston Guy Jr.,2,0,0,0.0,0,0,3,1,4,0.0,0.0
Antonio Hamilton,4,0,0,0.0,0,0,3,1,4,0.0,0.0
Demetrius Harris,16,0,0,0.0,0,0,4,0,4,0.0,0.0
Darrius Heyward-Bey,10,0,0,0.0,0,0,4,0,4,0.0,0.0
Josh Hill,9,0,0,0.0,0,0,3,1,4,0.0,0.0
Lamarr Houston,2,0,0,0.0,0,0,2,2,4,0.0,0.0
Jordan Howard,15,0,0,0.0,0,0,4,0,4,0.0,0.0
Michael Hunter,2,0,0,0.0,0,0,4,0,4,0.0,0.0
David Johnson,16,0,0,0.0,0,0,4,0,4,0.0,0.0
Taiwan Jones,13,0,0,0.0,0,0,3,1,4,0.0,0.0
Chris Landrum,10,0,0,0.0,0,0,2,2,4,1.0,7.0
Nelson Agholor,15,0,0,0.0,0,0,3,0,3,0.0,0.0
Stephen Anderson,13,0,0,0.0,0,0,2,1,3,0.0,0.0
George Atkinson III,16,0,0,0.0,0,0,3,0,3,0.0,0.0
Tavon Austin,15,0,0,0.0,0,0,3,0,3,0.0,0.0
Peyton Barber,15,0,0,0.0,0,0,2,1,3,0.0,0.0
Giovani Bernard,10,0,0,0.0,0,0,3,0,3,0.0,0.0
Brennen Beyer,1,0,0,0.0,0,0,2,1,3,0.0,0.0
Cameron Brate,15,0,0,0.0,0,0,2,1,3,0.0,0.0
Beau Brinkley,16,0,0,0.0,0,0,3,0,3,0.0,0.0
Arthur Brown,12,0,0,0.0,0,0,3,0,3,0.0,0.0
Joe Cardona,16,0,0,0.0,0,0,1,2,3,0.0,0.0
Garrett Celek,16,0,0,0.0,0,0,3,0,3,0.0,0.0
Chimdi Chekwa,3,0,0,0.0,0,0,2,1,3,0.0,0.0
Brandon Coleman,16,0,0,0.0,0,0,2,1,3,0.0,0.0
Deandre Coleman,5,0,0,0.0,0,0,1,2,3,0.0,0.0
Pharoh Cooper,10,0,0,0.0,0,0,2,1,3,0.0,0.0
Benny Cunningham,11,0,0,0.0,0,0,3,0,3,0.0,0.0
Orleans Darkwa,10,0,0,0.0,0,0,2,1,3,0.0,0.0
Chris Davis,4,0,0,0.0,0,0,1,2,3,0.5,1.5
Pierre Desir,5,0,0,0.0,0,0,3,0,3,0.0,0.0
Jack Doyle,16,0,0,0.0,0,0,3,0,3,0.0,0.0
Lance Dunbar,13,0,0,0.0,0,0,0,3,3,0.0,0.0
Brandon Dunn,2,0,0,0.0,0,0,3,0,3,0.0,0.0
George Farmer,2,0,0,0.0,0,0,3,0,3,0.0,0.0
Nolan Frese,16,0,0,0.0,0,0,1,2,3,0.0,0.0
Ben Garland,16,0,0,0.0,0,0,3,0,3,0.0,0.0
Justin Gilbert,12,0,0,0.0,0,0,1,2,3,0.0,0.0
Ted Ginn Jr.,16,0,0,0.0,0,0,3,0,3,0.0,0.0
MarQueis Gray,16,0,0,0.0,0,0,1,2,3,0.0,0.0
Jermaine Gresham,16,0,0,0.0,0,0,3,0,3,0.0,0.0
Woodrow Hamilton,2,0,0,0.0,0,0,1,2,3,0.0,0.0
Justin Hardy,16,0,0,0.0,0,0,0,3,3,0.0,0.0
Josh Harris,16,0,0,0.0,0,0,3,0,3,0.0,0.0
Joe Hawley,15,0,0,0.0,0,0,3,0,3,0.0,0.0
Ryan Hewitt,16,0,0,0.0,0,0,3,0,3,0.0,0.0
Josh Huff,7,0,0,0.0,0,0,2,1,3,0.0,0.0
Marqueston Huff,11,0,0,0.0,0,0,3,0,3,0.0,0.0
Gabe Jackson,16,0,0,0.0,0,0,3,0,3,0.0,0.0
Ryan Jensen,7,0,0,0.0,0,0,3,0,3,0.0,0.0
Tony Jerod-Eddie,9,0,0,0.0,0,0,1,2,3,0.0,0.0
Wesley Johnson,16,0,0,0.0,0,0,3,0,3,0.0,0.0
Chris Jones,16,0,0,0.0,0,0,2,1,3,0.0,0.0
Howard Jones,8,0,0,0.0,0,0,3,0,3,0.0,0.0
Josh Keyes,4,0,0,0.0,0,0,3,0,3,0.0,0.0
Jarvis Landry,16,0,0,0.0,0,0,2,1,3,0.0,0.0
Marqise Lee,16,0,0,0.0,0,0,3,0,3,0.0,0.0
Taylor Lewan,16,0,0,0.0,0,0,3,0,3,0.0,0.0
Cameron Lynch,12,0,0,0.0,0,0,2,1,3,0.0,0.0
Ali Marpet,16,0,0,0.0,0,0,3,0,3,0.0,0.0
Brandon McManus,16,0,0,0.0,0,0,3,0,3,0.0,0.0
Steven Means,8,0,0,0.0,0,0,2,1,3,1.0,5.0
Mitch Morse,16,0,0,0.0,0,0,2,1,3,0.0,0.0
Don Muhlbach,16,0,0,0.0,0,0,1,2,3,0.0,0.0
Sharrod Neasman,3,0,0,0.0,0,0,2,1,3,0.0,0.0
Mark Nzeocha,5,0,0,0.0,0,0,3,0,3,0.0,0.0
Owamagbe Odighizuwa,14,0,0,0.0,0,0,2,1,3,0.0,0.0
Kevin Pamphile,14,0,0,0.0,0,0,3,0,3,0.0,0.0
Quinton Patton,14,0,0,0.0,0,0,3,0,3,0.0,0.0
Cedric Peerman,6,0,0,0.0,0,0,2,1,3,0.0,0.0
Joshua Perkins,8,0,0,0.0,0,0,2,1,3,0.0,0.0
Lafayette Pitts,8,0,0,0.0,0,0,1,2,3,0.0,0.0
Tyvis Powell,8,0,0,0.0,0,0,2,1,3,0.0,0.0
Kalan Reed,4,0,0,0.0,0,0,2,1,3,0.0,0.0
Jordan Richards,11,0,0,0.0,0,0,1,2,3,0.0,0.0
Paul Richardson,15,0,0,0.0,0,0,3,0,3,0.0,0.0
Sam Shields,1,0,0,0.0,0,0,3,0,3,0.0,0.0
Wendell Smallwood,13,0,0,0.0,0,0,2,1,3,0.0,0.0
Terrance Smith,9,0,0,0.0,0,0,2,1,3,0.0,0.0
Tyron Smith,13,0,0,0.0,0,0,3,0,3,0.0,0.0
Donald Stephenson,13,0,0,0.0,0,0,3,0,3,0.0,0.0
Devon Still,3,0,0,0.0,0,0,2,1,3,0.0,0.0
Jordan Taylor,16,0,0,0.0,0,0,2,1,3,0.0,0.0
Robenson Therezie,12,0,0,0.0,0,0,2,1,3,0.0,0.0
De'Anthony Thomas,12,0,0,0.0,0,0,2,1,3,0.0,0.0
Joe Thomas,16,0,0,0.0,0,0,3,0,3,0.0,0.0
Levine Toilolo,16,0,0,0.0,0,0,2,1,3,0.0,0.0
Fitzgerald Toussaint,16,0,0,0.0,0,0,2,1,3,0.0,0.0
Will Tye,16,0,0,0.0,0,0,3,0,3,0.0,0.0
Hakeem Valles,11,0,0,0.0,0,0,3,0,3,0.0,0.0
Earl Watford,15,0,0,0.0,0,0,3,0,3,0.0,0.0
Damien Williams,15,0,0,0.0,0,0,3,0,3,0.0,0.0
Jason Witten,16,0,0,0.0,0,0,3,0,3,0.0,0.0
Antwaun Woods,1,0,0,0.0,0,0,2,1,3,0.0,0.0
Zach Line,15,0,0,0.0,0,0,2,0,2,0.0,0.0
Jeff Locke,16,0,0,0.0,0,0,2,0,2,0.0,0.0
Jordan Lucas,8,0,0,0.0,0,0,0,2,2,0.0,0.0
Vince Mayle,6,0,0,0.0,0,0,1,1,2,0.0,0.0
Jerick McKinnon,15,0,0,0.0,0,0,2,0,2,0.0,0.0
Lamar Miller,14,0,0,0.0,0,0,2,0,2,0.0,0.0
Donte Moncrief,9,0,0,0.0,0,0,2,0,2,0.0,0.0
Dezman Moses,3,0,0,0.0,0,0,1,1,2,0.0,0.0
Keith Mumphery,11,0,0,0.0,0,0,1,1,2,0.0,0.0
J.J. Nelson,15,0,0,0.0,0,0,2,0,2,0.0,0.0
Andrew Norwell,16,0,0,0.0,0,0,2,0,2,0.0,0.0
Jordan Norwood,14,0,0,0.0,0,0,2,0,2,0.0,0.0
Ty Nsekhe,16,0,0,0.0,0,0,2,0,2,0.0,0.0
Mike Nugent,13,0,0,0.0,0,0,1,1,2,0.0,0.0
Russell Okung,16,0,0,0.0,0,0,2,0,2,0.0,0.0
Greg Olsen,16,0,0,0.0,0,0,2,0,2,0.0,0.0
Kelechi Osemele,15,0,0,0.0,0,0,2,0,2,0.0,0.0
DeVante Parker,15,0,0,0.0,0,0,2,0,2,0.0,0.0
Jermey Parnell,16,0,0,0.0,0,0,2,0,2,0.0,0.0
Niles Paul,8,0,0,0.0,0,0,2,0,2,0.0,0.0
Logan Paulsen,16,0,0,0.0,0,0,2,0,2,0.0,0.0
Kyle Peko,1,0,0,0.0,0,0,2,0,2,0.0,0.0
Bilal Powell,16,0,0,0.0,0,0,2,0,2,0.0,0.0
Walter Powell,9,0,0,0.0,0,0,1,1,2,0.0,0.0
Terrelle Pryor,16,0,0,0.0,0,0,2,0,2,0.0,0.0
Ryan Quigley,6,0,0,0.0,0,0,2,0,2,0.0,0.0
Thomas Rawls,9,0,0,0.0,0,0,1,1,2,0.0,0.0
Trevor Reilly,2,0,0,0.0,0,0,1,1,2,0.0,0.0
Weston Richburg,16,0,0,0.0,0,0,2,0,2,0.0,0.0
Christian Ringo,8,0,0,0.0,0,0,2,0,2,0.0,0.0
Aaron Ripkowski,16,0,0,0.0,0,0,1,1,2,0.0,0.0
Marcus Roberson,7,0,0,0.0,0,0,2,0,2,0.0,0.0
Edmond Robinson,12,0,0,0.0,0,0,1,1,2,0.0,0.0
Greg Robinson,14,0,0,0.0,0,0,2,0,2,0.0,0.0
Jacquizz Rodgers,10,0,0,0.0,0,0,2,0,2,0.0,0.0
Richard Rodgers,16,0,0,0.0,0,0,2,0,2,0.0,0.0
Cairo Santos,16,0,0,0.0,0,0,2,0,2,0.0,0.0
Colton Schmidt,16,0,0,0.0,0,0,2,0,2,0.0,0.0
Russell Shepard,14,0,0,0.0,0,0,2,0,2,0.0,0.0
Sterling Shepard,16,0,0,0.0,0,0,2,0,2,0.0,0.0
JaCorey Shepherd,11,0,0,0.0,0,0,1,1,2,0.0,0.0
A.Q. Shipley,16,0,0,0.0,0,0,2,0,2,0.0,0.0
Matthew Slauson,16,0,0,0.0,0,0,2,0,2,0.0,0.0
Alex Smith,15,0,0,0.0,0,0,2,0,2,0.0,0.0
Devin Smith,4,0,0,0.0,0,0,1,1,2,0.0,0.0
Darren Sproles,15,0,0,0.0,0,0,2,0,2,0.0,0.0
Joe Staley,13,0,0,0.0,0,0,2,0,2,0.0,0.0
Demaryius Thomas,16,0,0,0.0,0,0,2,0,2,0.0,0.0
Julius Thomas,9,0,0,0.0,0,0,2,0,2,0.0,0.0
Deonte Thompson,16,0,0,0.0,0,0,2,0,2,0.0,0.0
Carson Tinker,16,0,0,0.0,0,0,1,1,2,0.0,0.0
Mike Tolbert,16,0,0,0.0,0,0,2,0,2,0.0,0.0
Lynden Trail,2,0,0,0.0,0,0,1,1,2,0.0,0.0
J.C. Tretter,7,0,0,0.0,0,0,2,0,2,0.0,0.0
Jordan Tripp,9,0,0,0.0,0,0,2,0,2,0.0,0.0
Zach Vigil,7,0,0,0.0,0,0,2,0,2,0.0,0.0
Dan Vitale,9,0,0,0.0,0,0,2,0,2,0.0,0.0
Mike Wallace,16,0,0,0.0,0,0,2,0,2,0.0,0.0
DeAndre Washington,14,0,0,0.0,0,0,2,0,2,0.0,0.0
Jonathan Weeks,16,0,0,0.0,0,0,2,0,2,0.0,0.0
John Wetzel,16,0,0,0.0,0,0,2,0,2,0.0,0.0
Andrew Whitworth,16,0,0,0.0,0,0,2,0,2,0.0,0.0
DeShawn Williams,4,0,0,0.0,0,0,1,1,2,0.5,1.0
Jonathan Williams,11,0,0,0.0,0,0,1,1,2,0.0,0.0
Luke Willson,11,0,0,0.0,0,0,1,1,2,0.0,0.0
James Winchester,16,0,0,0.0,0,0,2,0,2,0.0,0.0
Scooby Wright,3,0,0,0.0,0,0,0,2,2,0.0,0.0
Davante Adams,16,0,0,0.0,0,0,2,0,2,0.0,0.0
Kamar Aiken,16,0,0,0.0,0,0,2,0,2,0.0,0.0
Jay Ajayi,15,0,0,0.0,0,0,1,1,2,0.0,0.0
Colt Anderson,2,0,0,0.0,0,0,2,0,2,0.0,0.0
Bryan Anger,16,0,0,0.0,0,0,2,0,2,0.0,0.0
Alvin Bailey,14,0,0,0.0,0,0,2,0,2,0.0,0.0
Dan Bailey,16,0,0,0.0,0,0,1,1,2,0.0,0.0
Sam Barrington,5,0,0,0.0,0,0,1,1,2,0.0,0.0
Zane Beadles,16,0,0,0.0,0,0,2,0,2,0.0,0.0
Joe Berger,14,0,0,0.0,0,0,2,0,2,0.0,0.0
Kapri Bibbs,12,0,0,0.0,0,0,2,0,2,0.0,0.0
Braedon Bowman,3,0,0,0.0,0,0,1,1,2,0.0,0.0
Nick Boyle,6,0,0,0.0,0,0,2,0,2,0.0,0.0
Drew Brees,16,0,0,0.0,0,0,2,0,2,0.0,0.0
Aaron Brewer,13,0,0,0.0,0,0,2,0,2,0.0,0.0
Brandon Brooks,14,0,0,0.0,0,0,1,1,2,0.0,0.0
Antonio Brown,15,0,0,0.0,0,0,2,0,2,0.0,0.0
Chykie Brown,5,0,0,0.0,0,0,2,0,2,0.0,0.0
John Brown,15,0,0,0.0,0,0,2,0,2,0.0,0.0
Malcolm Brown,16,0,0,0.0,0,0,2,0,2,0.0,0.0
Mack Brown,9,0,0,0.0,0,0,0,2,2,0.0,0.0
Christian Bryant,3,0,0,0.0,0,0,1,1,2,0.0,0.0
Bryan Bulaga,16,0,0,0.0,0,0,2,0,2,0.0,0.0
Crezdon Butler,1,0,0,0.0,0,0,2,0,2,0.0,0.0
Drew Butler,7,0,0,0.0,0,0,1,1,2,0.0,0.0
Maurice Canady,4,0,0,0.0,0,0,2,0,2,0.0,0.0
Marcus Cannon,15,0,0,0.0,0,0,2,0,2,0.0,0.0
Marqui Christian,11,0,0,0.0,0,0,1,1,2,0.0,0.0
Corey Coleman,10,0,0,0.0,0,0,2,0,2,0.0,0.0
Morgan Cox,16,0,0,0.0,0,0,1,1,2,0.0,0.0
Alan Cross,14,0,0,0.0,0,0,2,0,2,0.0,0.0
Isaiah Crowell,16,0,0,0.0,0,0,2,0,2,0.0,0.0
Victor Cruz,15,0,0,0.0,0,0,2,0,2,0.0,0.0
Matt Darr,16,0,0,0.0,0,0,1,1,2,0.0,0.0
Kellen Davis,8,0,0,0.0,0,0,1,1,2,0.0,0.0
Seth Devalve,12,0,0,0.0,0,0,2,0,2,0.0,0.0
Brian Dixon,5,0,0,0.0,0,0,2,0,2,0.0,0.0
Mario Edwards Jr.,2,0,0,0.0,0,0,1,1,2,0.0,0.0
Jahri Evans,16,0,0,0.0,0,0,2,0,2,0.0,0.0
George Fant,14,0,0,0.0,0,0,2,0,2,0.0,0.0
Joe Flacco,16,0,0,0.0,0,0,2,0,2,0.0,0.0
Coby Fleener,16,0,0,0.0,0,0,2,0,2,0.0,0.0
Jalston Fowler,16,0,0,0.0,0,0,2,0,2,0.0,0.0
Orlando Franklin,16,0,0,0.0,0,0,2,0,2,0.0,0.0
Travis Frederick,16,0,0,0.0,0,0,2,0,2,0.0,0.0
Quentin Gause,3,0,0,0.0,0,0,2,0,2,0.0,0.0
Kedric Golston,2,0,0,0.0,0,0,2,0,2,0.0,0.0
Marquise Goodwin,15,0,0,0.0,0,0,2,0,2,0.0,0.0
Frank Gore,16,0,0,0.0,0,0,2,0,2,0.0,0.0
Ryan Griffin,16,0,0,0.0,0,0,2,0,2,0.0,0.0
Todd Gurley,16,0,0,0.0,0,0,2,0,2,0.0,0.0
Je'Ron Hamm,5,0,0,0.0,0,0,1,1,2,0.0,0.0
Clay Harbor,12,0,0,0.0,0,0,2,0,2,0.0,0.0
Taylor Hart,1,0,0,0.0,0,0,1,1,2,0.0,0.0
Stephen Hauschka,16,0,0,0.0,0,0,2,0,2,0.0,0.0
Rob Havenstein,15,0,0,0.0,0,0,2,0,2,0.0,0.0
Tyler Higbee,16,0,0,0.0,0,0,2,0,2,0.0,0.0
T.Y. Hilton,16,0,0,0.0,0,0,2,0,2,0.0,0.0
Chris Hogan,15,0,0,0.0,0,0,2,0,2,0.0,0.0
DeAndre Houston-Carson,8,0,0,0.0,0,0,0,2,2,0.0,0.0
Julian Howsare,2,0,0,0.0,0,0,2,0,2,0.0,0.0
Jesse James,16,0,0,0.0,0,0,2,0,2,0.0,0.0
Andy Janovich,11,0,0,0.0,0,0,2,0,2,0.0,0.0
Alshon Jeffery,12,0,0,0.0,0,0,2,0,2,0.0,0.0
Duke Johnson,16,0,0,0.0,0,0,2,0,2,0.0,0.0
Toby Johnson,2,0,0,0.0,0,0,2,0,2,0.0,0.0
Julio Jones,14,0,0,0.0,0,0,2,0,2,0.0,0.0
Matt Jones,7,0,0,0.0,0,0,2,0,2,0.0,0.0
Taiwan Jones,3,0,0,0.0,0,0,2,0,2,0.0,0.0
Ryan Kelly,16,0,0,0.0,0,0,2,0,2,0.0,0.0
Lance Kendricks,16,0,0,0.0,0,0,2,0,2,0.0,0.0
Deon King,6,0,0,0.0,0,0,2,0,2,0.0,0.0
Ben Koyack,14,0,0,0.0,0,0,2,0,2,0.0,0.0
L.P. Ladouceur,16,0,0,0.0,0,0,2,0,2,0.0,0.0
Jeremy Langford,12,0,0,0.0,0,0,2,0,2,0.0,0.0
Shane Lechler,16,0,0,0.0,0,0,1,1,2,0.0,0.0
Andrew Levitre,16,0,0,0.0,0,0,2,0,2,0.0,0.0
Mehdi Abdesmad,2,0,0,0.0,0,0,1,0,1,0.0,0.0
Oday Aboushi,4,0,0,0.0,0,0,1,0,1,0.0,0.0
Roberto Aguayo,16,0,0,0.0,0,0,1,0,1,0.0,0.0
Danny Amendola,12,0,0,0.0,0,0,1,0,1,0.0,0.0
Cameron Artis-Payne,3,0,0,0.0,0,0,1,0,1,0.0,0.0
Matt Asiata,16,0,0,0.0,0,0,1,0,1,0.0,0.0
Allen Barbre,12,0,0,0.0,0,0,0,1,1,0.0,0.0
Matt Barkley,7,0,0,0.0,0,0,1,0,1,0.0,0.0
T.J. Barnes,5,0,0,0.0,0,0,1,0,1,0.0,0.0
Odell Beckham Jr.,16,0,0,0.0,0,0,1,0,1,0.0,0.0
Joique Bell,3,0,0,0.0,0,0,1,0,1,0.0,0.0
Le'Veon Bell,12,0,0,0.0,0,0,1,0,1,0.0,0.0
Kelvin Benjamin,16,0,0,0.0,0,0,1,0,1,0.0,0.0
Joel Bitonio,5,0,0,0.0,0,0,1,0,1,0.0,0.0
Clint Boling,14,0,0,0.0,0,0,1,0,1,0.0,0.0
Devontae Booker,16,0,0,0.0,0,0,1,0,1,0.0,0.0
Blake Bortles,16,0,0,0.0,0,0,1,0,1,0.0,0.0
Brandon Bostick,16,0,0,0.0,0,0,1,0,1,0.0,0.0
Chris Boswell,15,0,0,0.0,0,0,1,0,1,0.0,0.0
Tyler Boyd,16,0,0,0.0,0,0,1,0,1,0.0,0.0
Kenny Britt,15,0,0,0.0,0,0,1,0,1,0.0,0.0
Jaron Brown,7,0,0,0.0,0,0,1,0,1,0.0,0.0
Dez Bryant,13,0,0,0.0,0,0,1,0,1,0.0,0.0
Randy Bullock,3,0,0,0.0,0,0,1,0,1,0.0,0.0
Michael Burton,15,0,0,0.0,0,0,1,0,1,0.0,0.0
Jordan Cameron,3,0,0,0.0,0,0,1,0,1,0.0,0.0
Dan Carpenter,16,0,0,0.0,0,0,1,0,1,0.0,0.0
James Carpenter,16,0,0,0.0,0,0,1,0,1,0.0,0.0
Derek Carrier,8,0,0,0.0,0,0,0,1,1,0.0,0.0
Anthony Castonzo,16,0,0,0.0,0,0,1,0,1,0.0,0.0
Chandler Catanzaro,16,0,0,0.0,0,0,0,1,1,0.0,0.0
Brent Celek,16,0,0,0.0,0,0,1,0,1,0.0,0.0
Chris Chester,16,0,0,0.0,0,0,1,0,1,0.0,0.0
Randall Cobb,13,0,0,0.0,0,0,1,0,1,0.0,0.0
Alex Collins,11,0,0,0.0,0,0,1,0,1,0.0,0.0
Jon Condo,16,0,0,0.0,0,0,1,0,1,0.0,0.0
Chris Conley,16,0,0,0.0,0,0,1,0,1,0.0,0.0
Jared Cook,10,0,0,0.0,0,0,1,0,1,0.0,0.0
Amari Cooper,16,0,0,0.0,0,0,1,0,1,0.0,0.0
Cody Core,8,0,0,0.0,0,0,0,1,1,0.0,0.0
Mason Crosby,16,0,0,0.0,0,0,1,0,1,0.0,0.0
Jamison Crowder,16,0,0,0.0,0,0,1,0,1,0.0,0.0
Andy Dalton,16,0,0,0.0,0,0,1,0,1,0.0,0.0
Mike Davis,8,0,0,0.0,0,0,1,0,1,0.0,0.0
Vernon Davis,16,0,0,0.0,0,0,1,0,1,0.0,0.0
Paul Dawson,2,0,0,0.0,0,0,1,0,1,0.0,0.0
David DeCastro,16,0,0,0.0,0,0,1,0,1,0.0,0.0
Eric Decker,3,0,0,0.0,0,0,1,0,1,0.0,0.0
Taylor Decker,16,0,0,0.0,0,0,1,0,1,0.0,0.0
John Denney,16,0,0,0.0,0,0,0,1,1,0.0,0.0
James Develin,16,0,0,0.0,0,0,0,1,1,0.0,0.0
Stefon Diggs,13,0,0,0.0,0,0,1,0,1,0.0,0.0
Patrick DiMarco,16,0,0,0.0,0,0,0,1,1,0.0,0.0
Travell Dixon,1,0,0,0.0,0,0,1,0,1,0.0,0.0
Larry Donnell,14,0,0,0.0,0,0,1,0,1,0.0,0.0
Makinton Dorleant,4,0,0,0.0,0,0,1,0,1,0.0,0.0
Dakota Dozier,13,0,0,0.0,0,0,1,0,1,0.0,0.0
Spencer Drango,16,0,0,0.0,0,0,1,0,1,0.0,0.0
Justin Drescher,16,0,0,0.0,0,0,1,0,1,0.0,0.0
Vlad Ducasse,10,0,0,0.0,0,0,1,0,1,0.0,0.0
Nick Easton,11,0,0,0.0,0,0,1,0,1,0.0,0.0
Eric Ebron,13,0,0,0.0,0,0,1,0,1,0.0,0.0
Julian Edelman,16,0,0,0.0,0,0,1,0,1,0.0,0.0
Lachlan Edwards,16,0,0,0.0,0,0,1,0,1,0.0,0.0
Tyler Eifert,8,0,0,0.0,0,0,1,0,1,0.0,0.0
Ezekiel Elliott,15,0,0,0.0,0,0,1,0,1,0.0,0.0
Alex Ellis,6,0,0,0.0,0,0,1,0,1,0.0,0.0
Quincy Enunwa,16,0,0,0.0,0,0,1,0,1,0.0,0.0
Zach Ertz,14,0,0,0.0,0,0,1,0,1,0.0,0.0
Cameron Erving,13,0,0,0.0,0,0,1,0,1,0.0,0.0
Josh Evans,2,0,0,0.0,0,0,0,1,1,0.0,0.0
Mike Evans,16,0,0,0.0,0,0,1,0,1,0.0,0.0
Kenneth Farrow,13,0,0,0.0,0,0,1,0,1,0.0,0.0
B.J. Finney,13,0,0,0.0,0,0,1,0,1,0.0,0.0
Ereck Flowers,16,0,0,0.0,0,0,1,0,1,0.0,0.0
Michael Floyd,13,0,0,0.0,0,0,1,0,1,0.0,0.0
Nick Folk,16,0,0,0.0,0,0,1,0,1,0.0,0.0
Kai Forbath,7,0,0,0.0,0,0,1,0,1,0.0,0.0
Ramon Foster,14,0,0,0.0,0,0,1,0,1,0.0,0.0
Andrew Franks,16,0,0,0.0,0,0,1,0,1,0.0,0.0
Isaac Fruechte,1,0,0,0.0,0,0,1,0,1,0.0,0.0
Alani Fua,3,0,0,0.0,0,0,0,1,1,0.0,0.0
Devin Funchess,15,0,0,0.0,0,0,1,0,1,0.0,0.0
Thomas Gafford,6,0,0,0.0,0,0,1,0,1,0.0,0.0
Jimmy Garoppolo,6,0,0,0.0,0,0,1,0,1,0.0,0.0
Shamiel Gary,3,0,0,0.0,0,0,0,1,1,0.0,0.0
Antonio Gates,14,0,0,0.0,0,0,1,0,1,0.0,0.0
Garry Gilliam,14,0,0,0.0,0,0,1,0,1,0.0,0.0
Cordy Glenn,11,0,0,0.0,0,0,1,0,1,0.0,0.0
Jared Goff,7,0,0,0.0,0,0,1,0,1,0.0,0.0
Dashon Goldson,4,0,0,0.0,0,0,0,1,1,0.0,0.0
Malliciah Goodman,2,0,0,0.0,0,0,1,0,1,0.0,0.0
Robbie Gould,10,0,0,0.0,0,0,1,0,1,0.0,0.0
Jimmy Graham,16,0,0,0.0,0,0,1,0,1,0.0,0.0
Jakeem Grant,16,0,0,0.0,0,0,1,0,1,0.0,0.0
Ryan Grant,16,0,0,0.0,0,0,1,0,1,0.0,0.0
John Greco,12,0,0,0.0,0,0,1,0,1,0.0,0.0
Dorial Green-Beckham,15,0,0,0.0,0,0,1,0,1,0.0,0.0
Virgil Green,12,0,0,0.0,0,0,1,0,1,0.0,0.0
Robert Griffin III,5,0,0,0.0,0,0,1,0,1,0.0,0.0
Chris Hairston,15,0,0,0.0,0,0,1,0,1,0.0,0.0
Cobi Hamilton,11,0,0,0.0,0,0,1,0,1,0.0,0.0
DuJuan Harris,10,0,0,0.0,0,0,1,0,1,0.0,0.0
Erik Harris,4,0,0,0.0,0,0,1,0,1,0.0,0.0
Bobby Hart,14,0,0,0.0,0,0,1,0,1,0.0,0.0
Andrew Hawkins,16,0,0,0.0,0,0,1,0,1,0.0,0.0
Temarrick Hemingway,8,0,0,0.0,0,0,1,0,1,0.0,0.0
Hunter Henry,15,0,0,0.0,0,0,1,0,1,0.0,0.0
Devin Hester,12,0,0,0.0,0,0,1,0,1,0.0,0.0
Austin Hooper,14,0,0,0.0,0,0,0,1,1,0.0,0.0
Austin Howard,11,0,0,0.0,0,0,1,0,1,0.0,0.0
Brian Hoyer,6,0,0,0.0,0,0,1,0,1,0.0,0.0
Justin Hunter,12,0,0,0.0,0,0,1,0,1,0.0,0.0
Carlos Hyde,13,0,0,0.0,0,0,1,0,1,0.0,0.0
Benjamin Ijalana,16,0,0,0.0,0,0,1,0,1,0.0,0.0
Mark Ingram,16,0,0,0.0,0,0,1,0,1,0.0,0.0
Prince Charles Iworah,1,0,0,0.0,0,0,1,0,1,0.0,0.0
Branden Jackson,3,0,0,0.0,0,0,1,0,1,0.0,0.0
DeSean Jackson,15,0,0,0.0,0,0,1,0,1,0.0,0.0
Ja'Wuan James,16,0,0,0.0,0,0,1,0,1,0.0,0.0
J.J. Jansen,16,0,0,0.0,0,0,0,1,1,0.0,0.0
Quinton Jefferson,3,0,0,0.0,0,0,0,1,1,0.0,0.0
Rashad Jennings,13,0,0,0.0,0,0,1,0,1,0.0,0.0
John Jerry,16,0,0,0.0,0,0,1,0,1,0.0,0.0
Charles Johnson,16,0,0,0.0,0,0,1,0,1,0.0,0.0
David Johnson,16,0,0,0.0,0,0,1,0,1,0.0,0.0
Isaiah Johnson,3,0,0,0.0,0,0,1,0,1,0.0,0.0
Colin Kaepernick,12,0,0,0.0,0,0,1,0,1,0.0,0.0
Drew Kaser,16,0,0,0.0,0,0,1,0,1,0.0,0.0
Bryson Keeton,1,0,0,0.0,0,0,1,0,1,0.0,0.0
Dennis Kelly,16,0,0,0.0,0,0,1,0,1,0.0,0.0
Jeremy Kerley,16,0,0,0.0,0,0,1,0,1,0.0,0.0
Joe Kerridge,8,0,0,0.0,0,0,0,1,1,0.0,0.0
Daniel Kilgore,13,0,0,0.0,0,0,1,0,1,0.0,0.0
Marquette King,16,0,0,0.0,0,0,1,0,1,0.0,0.0
Tavarres King,7,0,0,0.0,0,0,1,0,1,0.0,0.0
Josh Kline,14,0,0,0.0,0,0,1,0,1,0.0,0.0
Sam Koch,16,0,0,0.0,0,0,1,0,1,0.0,0.0
Cyrus Kouandjio,12,0,0,0.0,0,0,1,0,1,0.0,0.0
Casey Kreiter,10,0,0,0.0,0,0,1,0,1,0.0,0.0
John Kuhn,16,0,0,0.0,0,0,1,0,1,0.0,0.0
Brandon LaFell,16,0,0,0.0,0,0,1,0,1,0.0,0.0
Ted Larsen,16,0,0,0.0,0,0,1,0,1,0.0,0.0
Tyler Larsen,9,0,0,0.0,0,0,1,0,1,0.0,0.0
Shawn Lauvao,14,0,0,0.0,0,0,1,0,1,0.0,0.0
Andy Lee,9,0,0,0.0,0,0,1,0,1,0.0,0.0
Charles Leno,16,0,0,0.0,0,0,1,0,1,0.0,0.0
Alex Lewis,10,0,0,0.0,0,0,1,0,1,0.0,0.0
Tommylee Lewis,12,0,0,0.0,0,0,1,0,1,0.0,0.0
Kory Lichtensteiger,3,0,0,0.0,0,0,1,0,1,0.0,0.0
Brandon Linder,14,0,0,0.0,0,0,1,0,1,0.0,0.0
Jake Long,4,0,0,0.0,0,0,1,0,1,0.0,0.0
Andrew Luck,15,0,0,0.0,0,0,1,0,1,0.0,0.0
Wil Lutz,16,0,0,0.0,0,0,1,0,1,0.0,0.0
Alex Mack,16,0,0,0.0,0,0,1,0,1,0.0,0.0
Jeremy Maclin,12,0,0,0.0,0,0,1,0,1,0.0,0.0
Jalin Marshall,10,0,0,0.0,0,0,1,0,1,0.0,0.0
Ronald Martin,3,0,0,0.0,0,0,0,1,1,0.0,0.0
Zack Martin,16,0,0,0.0,0,0,1,0,1,0.0,0.0
Bobby Massie,15,0,0,0.0,0,0,1,0,1,0.0,0.0
Ryan Mathews,13,0,0,0.0,0,0,1,0,1,0.0,0.0
Jordan Matthews,14,0,0,0.0,0,0,1,0,1,0.0,0.0
Johnny Maxey,2,0,0,0.0,0,0,1,0,1,0.0,0.0
Chris McCain,2,0,0,0.0,0,0,1,0,1,0.0,0.0
Dexter McCluster,6,0,0,0.0,0,0,1,0,1,0.0,0.0
Kevin McDermott,16,0,0,0.0,0,0,1,0,1,0.0,0.0
Dexter McDonald,6,0,0,0.0,0,0,1,0,1,0.0,0.0
Vance McDonald,11,0,0,0.0,0,0,0,1,1,0.0,0.0
Dexter McDougle,6,0,0,0.0,0,0,1,0,1,0.0,0.0
Tanner McEvoy,14,0,0,0.0,0,0,1,0,1,0.0,0.0
Jake McQuaide,16,0,0,0.0,0,0,1,0,1,0.0,0.0
Malcolm Mitchell,14,0,0,0.0,0,0,1,0,1,0.0,0.0
Ty Montgomery,15,0,0,0.0,0,0,1,0,1,0.0,0.0
Nick Moody,1,0,0,0.0,0,0,1,0,1,0.0,0.0
Alfred Morris,14,0,0,0.0,0,0,1,0,1,0.0,0.0
Thomas Morstead,16,0,0,0.0,0,0,1,0,1,0.0,0.0
Morgan Moses,16,0,0,0.0,0,0,1,0,1,0.0,0.0
Kyle Murphy,3,0,0,0.0,0,0,1,0,1,0.0,0.0
Patrick Murray,2,0,0,0.0,0,0,1,0,1,0.0,0.0
Brandon Myers,16,0,0,0.0,0,0,1,0,1,0.0,0.0
Jason Myers,16,0,0,0.0,0,0,1,0,1,0.0,0.0
Cam Newton,15,0,0,0.0,0,0,1,0,1,0.0,0.0
Troy Niklas,3,0,0,0.0,0,0,1,0,1,0.0,0.0
Taurean Nixon,2,0,0,0.0,0,0,1,0,1,0.0,0.0
Robert Nkemdiche,5,0,0,0.0,0,0,0,1,1,0.0,0.0
Brad Nortman,16,0,0,0.0,0,0,1,0,1,0.0,0.0
Nick Novak,16,0,0,0.0,0,0,1,0,1,0.0,0.0
Victor Ochi,2,0,0,0.0,0,0,0,1,1,0.0,0.0
Nick O'Leary,16,0,0,0.0,0,0,0,1,1,0.0,0.0
Patrick Omameh,10,0,0,0.0,0,0,1,0,1,0.0,0.0
Leon Orr,5,0,0,0.0,0,0,1,0,1,0.0,0.0
Matt Overton,16,0,0,0.0,0,0,0,1,1,0.0,0.0
Michael Palardy,7,0,0,0.0,0,0,1,0,1,0.0,0.0
Andrus Peat,15,0,0,0.0,0,0,1,0,1,0.0,0.0
Justin Perillo,9,0,0,0.0,0,0,1,0,1,0.0,0.0
Adrian Peterson,3,0,0,0.0,0,0,1,0,1,0.0,0.0
Bryce Petty,6,0,0,0.0,0,0,1,0,1,0.0,0.0
Bradley Pinion,16,0,0,0.0,0,0,1,0,1,0.0,0.0
Eric Pinkins,5,0,0,0.0,0,0,0,1,1,0.0,0.0
Dennis Pitta,16,0,0,0.0,0,0,1,0,1,0.0,0.0
Maurkice Pouncey,15,0,0,0.0,0,0,1,0,1,0.0,0.0
Dak Prescott,16,0,0,0.0,0,0,1,0,1,0.0,0.0
MyCole Pruitt,2,0,0,0.0,0,0,1,0,1,0.0,0.0
Spencer Pulley,16,0,0,0.0,0,0,1,0,1,0.0,0.0
Brian Quick,16,0,0,0.0,0,0,1,0,1,0.0,0.0
Marcel Reece,4,0,0,0.0,0,0,1,0,1,0.0,0.0
Riley Reiff,14,0,0,0.0,0,0,1,0,1,0.0,0.0
Joe Reitz,13,0,0,0.0,0,0,1,0,1,0.0,0.0
Mike Remmers,16,0,0,0.0,0,0,1,0,1,0.0,0.0
Jalen Richard,16,0,0,0.0,0,0,1,0,1,0.0,0.0
Trevor Roach,4,0,0,0.0,0,0,1,0,1,0.0,0.0
Seth Roberts,16,0,0,0.0,0,0,1,0,1,0.0,0.0
Allen Robinson,16,0,0,0.0,0,0,1,0,1,0.0,0.0
Corey Robinson,14,0,0,0.0,0,0,1,0,1,0.0,0.0
Chester Rogers,14,0,0,0.0,0,0,1,0,1,0.0,0.0
Eli Rogers,13,0,0,0.0,0,0,1,0,1,0.0,0.0
Eddie Royal,9,0,0,0.0,0,0,1,0,1,0.0,0.0
Kyle Rudolph,16,0,0,0.0,0,0,1,0,1,0.0,0.0
KeiVarae Russell,5,1,0,0.0,0,0,1,0,1,0.0,0.0
Jon Ryan,16,0,0,0.0,0,0,0,1,1,0.0,0.0
Rodger Saffold,15,0,0,0.0,0,0,1,0,1,0.0,0.0
Mark Sanchez,2,0,0,0.0,0,0,1,0,1,0.0,0.0
Emmanuel Sanders,16,0,0,0.0,0,0,1,0,1,0.0,0.0
Mohamed Sanu,15,0,0,0.0,0,0,1,0,1,0.0,0.0
Patrick Scales,16,0,0,0.0,0,0,1,0,1,0.0,0.0
Michael Schofield,16,0,0,0.0,0,0,1,0,1,0.0,0.0
Mitchell Schwartz,16,0,0,0.0,0,0,1,0,1,0.0,0.0
Chris Scott,12,0,0,0.0,0,0,1,0,1,0.0,0.0
Al-Hajj Shabazz,7,0,0,0.0,0,0,1,0,1,0.0,0.0
Cecil Shorts,9,0,0,0.0,0,0,1,0,1,0.0,0.0
Trevor Siemian,14,0,0,0.0,0,0,1,0,1,0.0,0.0
Dion Sims,14,0,0,0.0,0,0,1,0,1,0.0,0.0
Jeremiah Sirles,14,0,0,0.0,0,0,1,0,1,0.0,0.0
CJ Smith,10,0,0,0.0,0,0,1,0,1,0.0,0.0
Rod Smith,7,0,0,0.0,0,0,1,0,1,0.0,0.0
Ryan Smith,14,0,0,0.0,0,0,1,0,1,0.0,0.0
Steve Smith,14,0,0,0.0,0,0,1,0,1,0.0,0.0
Torrey Smith,12,0,0,0.0,0,0,1,0,1,0.0,0.0
C.J. Spiller,4,0,0,0.0,0,0,1,0,1,0.0,0.0
Jason Spriggs,16,0,0,0.0,0,0,1,0,1,0.0,0.0
Matthew Stafford,16,0,0,0.0,0,0,1,0,1,0.0,0.0
Justin Staples,3,0,0,0.0,0,0,1,0,1,0.0,0.0
Neal Sterling,10,0,0,0.0,0,0,1,0,1,0.0,0.0
Luke Stocker,12,0,0,0.0,0,0,1,0,1,0.0,0.0
Xavier Su'a-Filo,16,0,0,0.0,0,0,0,1,1,0.0,0.0
Travis Swanson,12,0,0,0.0,0,0,1,0,1,0.0,0.0
Brandon Tate,15,0,0,0.0,0,0,1,0,1,0.0,0.0
Lane Taylor,16,0,0,0.0,0,0,1,0,1,0.0,0.0
Stepfan Taylor,15,0,0,0.0,0,0,1,0,1,0.0,0.0
Chris Thompson,16,0,0,0.0,0,0,1,0,1,0.0,0.0
Juwan Thompson,8,0,0,0.0,0,0,0,1,1,0.0,0.0
Mykkele Thompson,1,0,0,0.0,0,0,0,1,1,0.0,0.0
Joe Thuney,16,0,0,0.0,0,0,1,0,1,0.0,0.0
Andrew Tiller,15,0,0,0.0,0,0,1,0,1,0.0,0.0
Scott Tolzien,3,0,0,0.0,0,0,1,0,1,0.0,0.0
Laquon Treadwell,9,0,0,0.0,0,0,1,0,1,0.0,0.0
Bryce Treggs,9,0,0,0.0,0,0,1,0,1,0.0,0.0
Will Tukuafu,7,0,0,0.0,0,0,0,1,1,0.0,0.0
Trai Turner,16,0,0,0.0,0,0,1,0,1,0.0,0.0
C.J. Uzomah,10,0,0,0.0,0,0,1,0,1,0.0,0.0
Halapoulivaati Vaitai,7,0,0,0.0,0,0,1,0,1,0.0,0.0
Shane Vereen,5,0,0,0.0,0,0,1,0,1,0.0,0.0
Alejandro Villanueva,16,0,0,0.0,0,0,1,0,1,0.0,0.0
Delanie Walker,15,0,0,0.0,0,0,1,0,1,0.0,0.0
Bryan Walters,10,0,0,0.0,0,0,1,0,1,0.0,0.0
Terron Ward,5,0,0,0.0,0,0,1,0,1,0.0,0.0
Sammy Watkins,8,0,0,0.0,0,0,1,0,1,0.0,0.0
Menelik Watson,10,0,0,0.0,0,0,1,0,1,0.0,0.0
Stephen Weatherly,2,0,0,0.0,0,0,1,0,1,0.0,0.0
J'Marcus Webb,9,0,0,0.0,0,0,1,0,1,0.0,0.0
Larry Webster,1,0,0,0.0,0,0,1,0,1,0.0,0.0
Charcandrick West,15,0,0,0.0,0,0,1,0,1,0.0,0.0
Terrance West,16,0,0,0.0,0,0,1,0,1,0.0,0.0
Cody Whitehair,16,0,0,0.0,0,0,1,0,1,0.0,0.0
DeAngelo Williams,9,0,0,0.0,0,0,1,0,1,0.0,0.0
Frankie Williams,3,0,0,0.0,0,0,1,0,1,0.0,0.0
Maxx Williams,4,0,0,0.0,0,0,1,0,1,0.0,0.0
Marquess Wilson,3,0,0,0.0,0,0,1,0,1,0.0,0.0
Russell Wilson,16,0,0,0.0,0,0,1,0,1,0.0,0.0
Brad Wing,16,0,0,0.0,0,0,1,0,1,0.0,0.0
Jameis Winston,16,0,0,0.0,0,0,1,0,1,0.0,0.0
Stefen Wisniewski,16,0,0,0.0,0,0,0,1,1,0.0,0.0
Kendall Wright,11,0,0,0.0,0,0,1,0,1,0.0,0.0
Marshal Yanda,13,0,0,0.0,0,0,1,0,1,0.0,0.0
T.J. Yeldon,15,0,0,0.0,0,0,1,0,1,0.0,0.0
Louis Young,6,0,0,0.0,0,0,1,0,1,0.0,0.0
Kevin Zeitler,16,0,0,0.0,0,0,1,0,1,0.0,0.0
Greg Zuerlein,16,0,0,0.0,0,0,0,1,1,0.0,0.0
Dadi Nicolas,11,0,0,0.0,0,0,0,0,0,0.0,0.0
Javorius Allen,8,0,0,0.0,0,0,0,0,0,0.0,0.0
Anthony Lanier,4,0,0,0.0,0,0,0,0,0,0.0,0.0
